name,address,adname,pname,type,lat,lon
上海大剧院,人民大道300号,黄浦区,上海市,体育休闲服务;影剧院;剧场,31.231337654842953,121.46729579560126
凯迪拉克·上海音乐厅(装修中),延安东路523号,黄浦区,上海市,体育休闲服务;影剧院;音乐厅,31.228874906250812,121.47318026899801
UME国际影城(上海新天地店),兴业路123弄1-7号上海新天地南里F4层L501/502,黄浦区,上海市,体育休闲服务;影剧院;电影院,31.22080431484099,121.47088133421043
兰心大戏院,茂名南路57号(近长乐路),黄浦区,上海市,体育休闲服务;影剧院;剧场,31.222807660401788,121.45585890291731
国泰电影院(淮海中路店),淮海中路870号,黄浦区,上海市,体育休闲服务;影剧院;电影院,31.219870365961334,121.45682892610246
大光明电影院(南京西路店),南京西路216号(近黄河路),黄浦区,上海市,体育休闲服务;影剧院;电影院,31.234925517451405,121.46674071639006
万裕国际影城(淮海店),淮海中路99号大上海时代广场6层,黄浦区,上海市,体育休闲服务;影剧院;电影院,31.226455839325364,121.47418083117732
人民大舞台,九江路663号,黄浦区,上海市,体育休闲服务;影剧院;剧场,31.23620319833895,121.47342245270733
和平影都(来福士广场店),西藏中路268号来福士广场F3层-F7层,黄浦区,上海市,体育休闲服务;影剧院;电影院,31.234831142396757,121.4717389646264
黄浦剧场,北京东路780号,黄浦区,上海市,体育休闲服务;影剧院;电影院|体育休闲服务;影剧院;剧场,31.24036078102131,121.47107529937077
白玉兰剧场,重庆南路308号,黄浦区,上海市,体育休闲服务;影剧院;剧场,31.211733789421263,121.46762653445376
中国大戏院,牛庄路704号(近广西北路),黄浦区,上海市,体育休闲服务;影剧院;剧场,31.23958134706886,121.47223620725345
浙江电影院(浙江中路店),浙江中路123,黄浦区,上海市,体育休闲服务;影剧院;电影院,31.23400172551261,121.47538123988971
新光影艺苑,宁波路586号,黄浦区,上海市,体育休闲服务;影剧院;电影院,31.238740176581405,121.4720366166117
SFC上影影城(新世界店),南京西路2-68号新世界城12层,黄浦区,上海市,体育休闲服务;影剧院;电影院,31.237057027326962,121.46915229050872
兰生典尚影院,淮海中路8号兰生大厦5层,黄浦区,上海市,体育休闲服务;影剧院;电影院,31.227931237268194,121.47492120156134
天蟾京剧中心逸夫舞台(装修中),福州路701,黄浦区,上海市,体育休闲服务;影剧院;剧场,31.233844195038067,121.47303335324719
大光明电影院(儿艺店),苗江路800号,黄浦区,上海市,体育休闲服务;影剧院;电影院,31.198407736689223,121.49010884515569
俞振飞昆曲厅,绍兴路9附近,黄浦区,上海市,体育休闲服务;影剧院;剧场,31.211384984133694,121.45991969947399
上海木偶剧团仙乐斯演艺厅,南京西路388号仙乐斯广场5楼(近黄陂北路),黄浦区,上海市,体育休闲服务;影剧院;剧场,31.23331430674478,121.4644837392235
棒棒糖私人影院(双钱公寓店),徐家汇路558弄双钱公寓1号4层,黄浦区,上海市,体育休闲服务;影剧院;电影院,31.20878844429096,121.46507870387055
林肯爵士乐上海中心,南京东路139号美伦大楼4层M401-M402,黄浦区,上海市,体育休闲服务;影剧院;剧场,31.240100381201987,121.48247320229176
海外伊岸音乐厅,南京东路720号食品一店3楼(近贵州路),黄浦区,上海市,体育休闲服务;影剧院;音乐厅,31.237508647618828,121.47236380866137
星梦剧场,[],黄浦区,上海市,体育休闲服务;影剧院;剧场,31.224075853749827,121.46027968345041
别克中剧院,人民大道300号,黄浦区,上海市,体育休闲服务;影剧院;剧场,31.231272668842184,121.46728978193251
田耘社·上海相声大会,"黄河路35号(上海长江剧场,红匣子,凤阳路)",黄浦区,上海市,体育休闲服务;影剧院;剧场,31.235751383818027,121.46683293936215
上影百联影城(大上海店),南京东路830号上海市第一百货商店8层,黄浦区,上海市,体育休闲服务;影剧院;电影院,31.237783276246436,121.46973311904505
上海文化广场剧场,复兴中路597号,黄浦区,上海市,体育休闲服务;影剧院;剧场,31.213855312570796,121.45769093295226
中/小剧场(暂停营业),黄陂北路160号,黄浦区,上海市,体育休闲服务;影剧院;剧场,31.23149814743492,121.46675906865602
小剧场,北京东路780号黄浦剧场,黄浦区,上海市,体育休闲服务;影剧院;剧场,31.24036155131231,121.47099202497989
笑乐汇相声剧场,方浜中路235号路口上海城隍庙相爷府茶楼4楼(城隍庙南门隔壁),黄浦区,上海市,体育休闲服务;影剧院;剧场,31.227570786840065,121.48844040390986
上海大剧院-中剧场,人民大道300号上海大剧院,黄浦区,上海市,体育休闲服务;影剧院;剧场,31.23106583181278,121.46731487995646
上海大剧院-小剧场,人民大道300号大剧院内(近黄陂南路),黄浦区,上海市,体育休闲服务;影剧院;剧场,31.23106583181278,121.46731487995646
上海泊耀万裕国际影城,淮海中路99号大上海时代广场6层,黄浦区,上海市,体育休闲服务;影剧院;电影院,31.22636400644361,121.47422498759309
新光电影院,[],黄浦区,上海市,体育休闲服务;影剧院;电影院,31.238711114721543,121.47200952924284
玄扈台,光启路与方浜中路交叉口东南50米,黄浦区,上海市,体育休闲服务;影剧院;剧场,31.227651664939415,121.48975409430425
上海新光影艺苑-悬疑剧场,宁波路与广西北路交叉口西50米,黄浦区,上海市,体育休闲服务;影剧院;剧场,31.23872698785849,121.47196638479878
秘密影院(暂停营业),蒙自路823号,黄浦区,上海市,体育休闲服务;影剧院;电影院,31.19697299704792,121.47874389930283
上海儿童艺术剧场,苗江路800号,黄浦区,上海市,体育休闲服务;影剧院;剧场,31.198389790465058,121.49012390059738
白金瀚宫KTV夜总会,"打浦路1号,金玉兰广场",黄浦区,上海市,体育休闲服务;影剧院;电影院,31.206927790522922,121.46600678665699
梦回人间电影院,[],黄浦区,上海市,体育休闲服务;影剧院;电影院,31.218136773282428,121.46614225495918
万达影城,打浦路1号,黄浦区,上海市,体育休闲服务;影剧院;电影院,31.207144376763736,121.46551120404905
万达影城,徐家汇路550号,黄浦区,上海市,体育休闲服务;影剧院;电影院,31.208217450471274,121.46611401549235
伯爵3号会所KTV,外马路667-669号3楼,黄浦区,上海市,体育休闲服务;影剧院;电影院,31.218632263966168,121.50324436069741
拾光里主题影院(大世界店),浙江南路88号东新大厦401室,黄浦区,上海市,体育休闲服务;影剧院;电影院,31.23062572636946,121.47764123623594
森海塞尔上海音乐厅,淮海中路98号金钟广场知音琴行靠近龙门路,黄浦区,上海市,体育休闲服务;影剧院;音乐厅,31.228937382160566,121.4733608677175
上海科技影城,南昌路59号科学会堂思南楼2-3层,黄浦区,上海市,体育休闲服务;影剧院;电影院,31.21997341941035,121.46211256998814
演播厅(黄浦逸城),陆家浜路1100号黄浦逸城F2层2F-10,黄浦区,上海市,体育休闲服务;影剧院;影剧院相关,31.213517259600465,121.48263101922159
情侣影吧,浙江中路229号百米香榭259室1990,黄浦区,上海市,体育休闲服务;影剧院;电影院,31.23563140789626,121.47447202765849
中影泰得影城(绿地店),打浦路628号绿地缤纷城3楼,黄浦区,上海市,体育休闲服务;影剧院;电影院,31.195496616913406,121.46944580166826
ET聚场,延安东路433号,黄浦区,上海市,体育休闲服务;影剧院;剧场,31.23076943005099,121.4747483753243
大光明剧场(儿艺店),苗江路800号近西藏南路,黄浦区,上海市,体育休闲服务;影剧院;剧场,31.198792280426296,121.49068889096542
老城厢艺苑,光启路与花草弄交叉口东北50米,黄浦区,上海市,体育休闲服务;影剧院;剧场,31.22765977196992,121.48979122656229
花儿为什么这样红-抒情歌曲珍品名家春节演唱会,金陵中路88号森海塞尔上海音乐厅内,黄浦区,上海市,体育休闲服务;影剧院;音乐厅,31.22893238168093,121.47335986478842
豫上海剧院,旧校场路69号3楼,黄浦区,上海市,体育休闲服务;影剧院;剧场,31.228830225091553,121.48642913222145
橙天嘉禾影城(LuOne凯德晶萃店),徐家汇路268号LuOne凯德晶萃广场6层,黄浦区,上海市,体育休闲服务;影剧院;电影院,31.212465396405566,121.47200776791661
红星电影世界(上海越界世博店),半淞园路376号越界世博园B4-1栋3层,黄浦区,上海市,体育休闲服务;影剧院;电影院,31.204412253140873,121.49193287852344
中国福利会儿童艺术剧场,延安中路555号,黄浦区,上海市,体育休闲服务;影剧院;剧场,31.22519360834108,121.45288541746571
海上梨园,豫园文昌路10号和丰楼4层,黄浦区,上海市,体育休闲服务;影剧院;剧场,31.228084473015706,121.48740667342648
SFC上影百联,西藏中路500号第一百货8楼,黄浦区,上海市,体育休闲服务;影剧院;电影院,31.23744052956606,121.47013445976984
Universal Cinema环球私人影咖,[],黄浦区,上海市,体育休闲服务;影剧院;电影院,31.206441613505625,121.46316997135074
人生奥斯卡私人影吧(日月光店),"瑞金南路1号海兴广场25楼E室(近9号线打浦桥站2,3号口)",黄浦区,上海市,体育休闲服务;影剧院;电影院,31.206441411956682,121.46309173045685
上海文化广场剧院管理有限公司,[],黄浦区,上海市,体育休闲服务;影剧院;剧场,31.212293434098072,121.46185945869568
上海大舞台(装修中),漕溪北路1111号,徐汇区,上海市,体育休闲服务;影剧院;剧场,31.183304743451433,121.4337835430477
上海庆春电影城,田林路140号越界创意园区15幢2层,徐汇区,上海市,体育休闲服务;影剧院;电影院,31.17220760936517,121.40757935054046
朵云轩杜比全景声影城,天钥桥路1188号朵云轩艺术中心5层,徐汇区,上海市,体育休闲服务;影剧院;电影院,31.176748865030582,121.44274799369917
巨影国际影城(吴中路店),吴中路52号宝鼎古北广场7层,徐汇区,上海市,体育休闲服务;影剧院;电影院,31.189800472886834,121.41097795458178
衡山电影院(衡山路店),衡山路838号(天平路口),徐汇区,上海市,体育休闲服务;影剧院;电影院,31.19937325037715,121.4359293311715
宛平剧院(装修中),中山南二路857-859号,徐汇区,上海市,体育休闲服务;影剧院;剧场,31.18698838022487,121.446579283799
上海交响乐团音乐厅,复兴中路1380号,徐汇区,上海市,体育休闲服务;影剧院;音乐厅,31.213415678277826,121.44717649069774
上海话剧艺术中心(安福路),安福路288号话剧大厦,徐汇区,上海市,体育休闲服务;影剧院;剧场,31.215663512713483,121.43660828925496
徐汇影剧场,田林东路588号田林文化广场,徐汇区,上海市,体育休闲服务;影剧院;剧场,31.17415667733821,121.42014213043737
SFC上影影城(港汇恒隆广场永华店),虹桥路1号港汇恒隆广场6层,徐汇区,上海市,体育休闲服务;影剧院;电影院,31.19686328613535,121.43203913602389
上海话剧艺术中心戏剧沙龙,安福路288号话剧大厦,徐汇区,上海市,体育休闲服务;影剧院;剧场,31.215654499989466,121.43659826968339
上海话剧艺术中心-艺术剧院,安福路288号话剧大厦1层,徐汇区,上海市,体育休闲服务;影剧院;剧场,31.215611365836317,121.43650708842713
贺绿汀音乐厅,汾阳路20号上海音乐学院内,徐汇区,上海市,体育休闲服务;影剧院;音乐厅,31.215388139026633,121.44970377479508
上海越剧院,复兴西路10弄16号,徐汇区,上海市,体育休闲服务;影剧院;剧场,31.213191384058963,121.44301847358179
上海星舞台,古宜路125号,徐汇区,上海市,体育休闲服务;影剧院;剧场,31.18779870957919,121.42104705758042
上海越剧艺术传习所,复兴西路10弄4号,徐汇区,上海市,体育休闲服务;影剧院;剧场,31.21271916688856,121.44278998453957
极光私人影院(星游城),天钥桥路580号星游城5F层,徐汇区,上海市,体育休闲服务;影剧院;电影院,31.1875366193798,121.43797554375084
中影泰得影城(华泾店),华泾路459号华泾天街四层,徐汇区,上海市,体育休闲服务;影剧院;电影院,31.1213453369029,121.45146852354078
优幕影城,上中西路280号凌云1街坊4层,徐汇区,上海市,体育休闲服务;影剧院;电影院,31.136991323400633,121.42129577689622
梅文电影厅,梅陇路415号1-3层,徐汇区,上海市,体育休闲服务;影剧院;电影院,31.140159562379257,121.41458820682735
1885私人主题影院,冠生园路231号5楼,徐汇区,上海市,体育休闲服务;影剧院;电影院,31.164817522015213,121.4220983962778
华士达影城(正大乐城),中山南二路699号正大乐城F3层1-301,徐汇区,上海市,体育休闲服务;影剧院;电影院,31.187947049424082,121.45261990138464
百丽宫影城(上海环贸店),淮海中路999号环贸iapmL6层L6-601,徐汇区,上海市,体育休闲服务;影剧院;电影院,31.217746826041985,121.45319289992936
上海大戏院,复兴中路1186号(理工大学对面),徐汇区,上海市,体育休闲服务;影剧院;剧场,31.21542503192842,121.45580538631161
中樱桃剧场,田林路140号越界创意园16号楼西楼,徐汇区,上海市,体育休闲服务;影剧院;剧场,31.172892974825384,121.40690994335314
上海京剧院北区,东平路9号,徐汇区,上海市,体育休闲服务;影剧院;剧场,31.20908230071987,121.44598992550604
上海京剧院,天钥桥路1198号,徐汇区,上海市,体育休闲服务;影剧院;剧场,31.176325622983953,121.44302767830999
青松城荟萃厅影院,青松城荟萃厅,徐汇区,上海市,体育休闲服务;影剧院;电影院,31.200372025278202,121.44475367867292
AMG影城,[],徐汇区,上海市,体育休闲服务;影剧院;电影院,31.169689233262,121.4240626397884
上影CMC影城(汇阳广场),田林东路75号汇阳广场F3层312,徐汇区,上海市,体育休闲服务;影剧院;电影院,31.175941669485987,121.42849784691172
上海沪剧院,天平路38号甲(淮海中路余庆路),徐汇区,上海市,体育休闲服务;影剧院;剧场,31.204790597316613,121.43281787440935
SFC上影影城(日月光),漕宝路33号日月光F4层L4-01/02/03/05,徐汇区,上海市,体育休闲服务;影剧院;电影院,31.17106844191336,121.42721421285859
上剧场(美罗城),肇嘉浜路1111号美罗城5层(地铁1号线徐家汇站10号出口),徐汇区,上海市,体育休闲服务;影剧院;剧场,31.194789735537633,121.43546480445747
弘艺国际会所KTV,漕宝路111-1号5层,徐汇区,上海市,体育休闲服务;影剧院;电影院,31.169746804899926,121.42001135609155
荟萃剧场,东安路8号青松城大酒店3层,徐汇区,上海市,体育休闲服务;影剧院;剧场,31.20029817427515,121.44480981980196
上海天蟾逸夫舞台,天钥桥路1174号2楼附近,徐汇区,上海市,体育休闲服务;影剧院;剧场,31.17634171039141,121.44307679108131
徐汇影剧楼,田林东路588号,徐汇区,上海市,体育休闲服务;影剧院;剧场,31.17424561989258,121.42013010824539
华士达东方影城(徐汇店),东安路599号绿地中心正大乐城1号楼3层301,徐汇区,上海市,体育休闲服务;影剧院;电影院,31.187784409463998,121.45317944219758
上海京剧院(旧馆),岳阳路168号(近永嘉路),徐汇区,上海市,体育休闲服务;影剧院;剧场,31.207354153259484,121.44744167859754
霞棐剧院,上海师范大学教师教育实验实训大楼,徐汇区,上海市,体育休闲服务;影剧院;剧场,31.162416467929216,121.41662223707515
上影影城(绿地缤纷城购物广场店),东安路562号绿地缤纷城徐汇店西区F3层W-300、F4层W-407,徐汇区,上海市,体育休闲服务;影剧院;电影院,31.185219089272337,121.45114316419897
天下票仓,漕溪北路595号C座13层,徐汇区,上海市,体育休闲服务;影剧院;影剧院相关,31.187978506360643,121.43257087532186
DAVAI826音乐吧,虹桥路826号,徐汇区,上海市,体育休闲服务;影剧院;音乐厅,31.1965089929465,121.41862842666343
上海京剧院,岳阳路168号,徐汇区,上海市,体育休闲服务;影剧院;剧场,31.207158863069306,121.4477334302998
周信芳戏剧中心,天钥桥路1198号上海京剧院,徐汇区,上海市,体育休闲服务;影剧院;剧场,31.17590949214965,121.44336449925918
约会吧私人影吧,中山西路1858号凯托大厦202美康牙科右边2层,徐汇区,上海市,体育休闲服务;影剧院;电影院,31.185004734954923,121.42068485016227
星光映会,天钥桥路666号八万人体育场2号通道内右侧,徐汇区,上海市,体育休闲服务;影剧院;电影院,31.184131744919856,121.43821333754774
上音歌剧院,汾阳路6号,徐汇区,上海市,体育休闲服务;影剧院;剧场,31.216833653470932,121.45070628178837
SFC上影影城(美罗城),肇嘉浜路1111号美罗城F5层,徐汇区,上海市,体育休闲服务;影剧院;电影院,31.194545683695516,121.43474942372505
中影国线影城(徐汇店),田林路105号虹梅国际广场五楼,徐汇区,上海市,体育休闲服务;影剧院;电影院,31.171796617771417,121.41105457486181
上海联和电影院线,田林东路588号-4楼,徐汇区,上海市,体育休闲服务;影剧院;电影院,31.17421147043972,121.41996291071
SFC上影影城(新衡山店),衡山路838号左手2层,徐汇区,上海市,体育休闲服务;影剧院;电影院,31.199235470635486,121.4360205255825
来自火星的你私人影吧(光大店),习勤路光大会展中心F座801,徐汇区,上海市,体育休闲服务;影剧院;电影院,31.168498707056962,121.42394457712507
周信芳戏剧空间,天钥桥路1198号,徐汇区,上海市,体育休闲服务;影剧院;剧场,31.17593746809027,121.4433594851223
神州大舞台(暂停营业),桂林路588号大浪淘沙徐汇店内3层,徐汇区,上海市,体育休闲服务;影剧院;剧场,31.18051536875377,121.40961383142326
人生奥斯卡私人影吧(徐家汇店),漕溪北路468号宏汇大厦11层A座(近南丹路上影对面),徐汇区,上海市,体育休闲服务;影剧院;电影院,31.188682921807814,121.43175933985503
青松城大酒店-歌舞厅,东安路8号青松城大酒店2层,徐汇区,上海市,体育休闲服务;影剧院;电影院,31.20029817427515,121.44480981980196
中影嘉华国际影城(徐汇绿地滨江CLUB店),云锦路500号绿地滨江CLUB-C座4楼,徐汇区,上海市,体育休闲服务;影剧院;电影院,31.16660010226862,121.45358337328229
沪剧会馆,淮海中路1889,徐汇区,上海市,体育休闲服务;影剧院;剧场,31.20513604348472,121.4325673828026
THE BOXX,天钥桥路123号城开YOYO7层,徐汇区,上海市,体育休闲服务;影剧院;影剧院相关,31.194342413073233,121.43750497457232
戏剧沙龙·贵宾厅,安福路288号话剧大厦3层,徐汇区,上海市,体育休闲服务;影剧院;剧场,31.215435572121038,121.43657925001867
会务电影中心,东湖路9-1上海地产大厦3层,徐汇区,上海市,体育休闲服务;影剧院;电影院,31.218091483025425,121.4490729061649
上海越剧院演艺厅,复兴西路10弄1-16号,徐汇区,上海市,体育休闲服务;影剧院;剧场,31.213191382110224,121.44301747125262
柏斯艺术专修学校第二音乐厅,汾阳路30号柏斯琴行,徐汇区,上海市,体育休闲服务;影剧院;音乐厅,31.214240184825968,121.44993146796035
上海影城(新华路店),新华路160号,长宁区,上海市,体育休闲服务;影剧院;电影院,31.204328908165603,121.42490984650864
龙之梦影城(龙之梦购物中心),长宁路1018号龙之梦购物中心F9层,长宁区,上海市,体育休闲服务;影剧院;电影院,31.22140973374692,121.41196193748347
锦辉可当代艺术中心,凯旋路613号B座1层,长宁区,上海市,体育休闲服务;影剧院;剧场|科教文化服务;美术馆;美术馆,31.212989971083644,121.41232295225356
世纪仙霞影城(百联西郊店),仙霞西路88号百联西郊购物中心F4层4208,长宁区,上海市,体育休闲服务;影剧院;电影院,31.210997193732087,121.36562262861021
万竣国际影城(汇金百货虹桥店),天山路900号汇金百货F6层,长宁区,上海市,体育休闲服务;影剧院;电影院,31.213305252427737,121.40056031174461
天山电影院,上海市长宁区天山路888号,长宁区,上海市,体育休闲服务;影剧院;电影院,31.21365098723451,121.39959914709647
上影虹桥临空国际影城,金钟路968号7号楼B1层,长宁区,上海市,体育休闲服务;影剧院;电影院,31.2242117304239,121.34755205974703
百丽宫影城(长宁来福士店),长宁路1123号7层,长宁区,上海市,体育休闲服务;影剧院;电影院,31.218376946556862,121.40988971753612
SFC上影(天山缤谷广场店),天山路345号缤谷广场2期5层,长宁区,上海市,体育休闲服务;影剧院;电影院,31.215904789357214,121.3841492838305
上海国际舞蹈中心,虹桥路1650号(水城路地铁站2号出口东侧),长宁区,上海市,体育休闲服务;影剧院;剧场|科教文化服务;培训机构;培训机构,31.20109537436637,121.38973762339344
极光点播影院(KiNG88),长宁路88号KiNG88F3层,长宁区,上海市,体育休闲服务;影剧院;电影院,31.22972420897228,121.42265649843998
万达影城(金虹桥店),茅台路179号金虹桥商场LG1,长宁区,上海市,体育休闲服务;影剧院;电影院,31.210225567676744,121.39848135000597
阳光剧场,愚园路1136弄31号,长宁区,上海市,体育休闲服务;影剧院;剧场,31.221358266712215,121.42278239414003
万裕国际影城(天山路店),天山路900号汇金百货6层,长宁区,上海市,体育休闲服务;影剧院;电影院,31.213395203024987,121.40050929554779
橙剧场·可当代艺术中心,凯旋路613号B座1层,长宁区,上海市,体育休闲服务;影剧院;剧场,31.21313987249193,121.4122819068041
万达影城(虹桥南丰城南区),遵义路100号虹桥南丰城南区4层SL422,长宁区,上海市,体育休闲服务;影剧院;电影院,31.208689987566864,121.40332337155088
长宁文化艺术中心剧场,仙霞路650号长宁文化艺术中心,长宁区,上海市,体育休闲服务;影剧院;剧场,31.20791825855911,121.38308471257034
万达Onyx影城(金虹桥商场),茅台路179号金虹桥商场B1层1026&1027&1033、1044&1053&1054&1055,长宁区,上海市,体育休闲服务;影剧院;电影院,31.21093522305121,121.39838328291599
梦想空间影咖(百联西郊购物中心),仙霞西路88号百联西郊购物中心F4层4212,长宁区,上海市,体育休闲服务;影剧院;电影院,31.211074295813134,121.36632361179649
首府KTV夜总会(增泽世贸店),延安西路1590号增泽世贸大厦2层,长宁区,上海市,体育休闲服务;影剧院;电影院,31.2102243350141,121.41516265261772
长宁民俗文化中心-常乐梨园,北渔路95号长宁民俗文化中心二楼,长宁区,上海市,体育休闲服务;影剧院;剧场,31.218557050635603,121.36772100229332
上海国际舞蹈中心剧场,延安高架路出口与水城南路交叉口西50米,长宁区,上海市,体育休闲服务;影剧院;剧场,31.201207017342448,121.39066927127328
虹桥市民演艺厅,虹桥路1115弄19号,长宁区,上海市,体育休闲服务;影剧院;剧场,31.199451273286652,121.40590015366399
大剧场,虹桥路1650号上海国际舞蹈中心2号楼,长宁区,上海市,体育休闲服务;影剧院;剧场,31.201317164200546,121.39003848876203
魅都主题影吧(中山公园店),定西路1281号兆仪大厦603室(建设银行这栋楼后面电梯上六楼),长宁区,上海市,体育休闲服务;影剧院;电影院,31.217579913702334,121.41767054160516
上海国际舞蹈中心5号楼,虹桥路1650号,长宁区,上海市,体育休闲服务;影剧院;剧场,31.20123863852496,121.38881799128927
乐汀私人银幕,天山西路155号4楼402-05-06室(北新泾地铁口4号口),长宁区,上海市,体育休闲服务;影剧院;电影院,31.218458535559783,121.36820335211301
佳都剧场,延安西路719号佳都大厦4楼(安西路延安西路),长宁区,上海市,体育休闲服务;影剧院;剧场,31.216233382363484,121.42963724930108
中山公园-露天音乐台,万航渡路1550号,长宁区,上海市,体育休闲服务;影剧院;剧场,31.22526206565591,121.4150021938996
陶冶教育剧场长宁分部,武夷路238号上海戏曲学会,长宁区,上海市,体育休闲服务;影剧院;剧场,31.215113710689447,121.42138511138931
上海马戏城,共和新路2266号,静安区,上海市,体育休闲服务;影剧院;剧场,31.27969558551472,121.44651812476187
海上明珠影城(大宁店),万荣路777号大宁音乐广场A栋,静安区,上海市,体育休闲服务;影剧院;电影院,31.282193960604015,121.439529660749
沪北电影院(共和新路店),洛川东路500号1-3层,静安区,上海市,体育休闲服务;影剧院;电影院,31.27018220906007,121.45407380973532
云峰剧院,北京西路1700,静安区,上海市,体育休闲服务;影剧院;剧场,31.22811976372982,121.43840894508827
艾米1895电影街(静安寺店),北京西路1829号申乐大厦4层,静安区,上海市,体育休闲服务;影剧院;电影院,31.22586105964681,121.43797823357724
上海商城剧院,南京西路1376号,静安区,上海市,体育休闲服务;影剧院;剧场,31.22865084740155,121.44734960946316
大宁剧院,平型关路1222号,静安区,上海市,体育休闲服务;影剧院;剧场,31.285514676858043,121.45227655850864
中国福利会儿童艺术剧院,华山路643号,静安区,上海市,体育休闲服务;影剧院;剧场,31.218097207442433,121.43592770687427
小伙伴剧场,延安西路64号,静安区,上海市,体育休闲服务;影剧院;剧场,31.22319533895349,121.43912088950245
新华永乐国际影城,延长中路801号B座2楼,静安区,上海市,体育休闲服务;影剧院;电影院,31.268058505628808,121.43985759995843
上海歌剧院,常熟路100弄10,静安区,上海市,体育休闲服务;影剧院;剧场,31.21908576509462,121.44102141122987
美琪大戏院,江宁路66号,静安区,上海市,体育休闲服务;影剧院;剧场,31.231295250331613,121.4513296916068
欢乐马戏,共和新路2266号,静安区,上海市,体育休闲服务;影剧院;剧场,31.279133642512434,121.44545757087958
马兰花剧场,华山路643号,静安区,上海市,体育休闲服务;影剧院;剧场,31.21810221679163,121.43593472046376
上影CGV(大宁影城店),共和新路1878号大宁国际商业广场第2座3层,静安区,上海市,体育休闲服务;影剧院;电影院,31.27541388393521,121.4481876874152
上戏实验剧院,华山路630号上海戏剧学院内(近镇宁路),静安区,上海市,体育休闲服务;影剧院;剧场,31.218473877275837,121.43523329740053
800剧场,常德路800,静安区,上海市,体育休闲服务;影剧院;剧场,31.235554695166908,121.43861774416978
环艺电影城(梅龙镇广场店),南京西路1038号梅龙镇广场10层,静安区,上海市,体育休闲服务;影剧院;电影院,31.230709281976992,121.45211284481734
先锋剧院,江宁路466号艺海大厦5层,静安区,上海市,体育休闲服务;影剧院;剧场,31.236944176408297,121.44789827659427
马戏城中剧场,共和新路2266号,静安区,上海市,体育休闲服务;影剧院;剧场,31.27914666970691,121.44547360875228
上海歌剧院东楼,常熟路100弄10号,静安区,上海市,体育休闲服务;影剧院;剧场,31.219160209070324,121.44127697750375
小不点大视界亲子微剧场(大宁国际商业广场店),共和新路1898号大宁国际商业广场5座3楼,静安区,上海市,体育休闲服务;影剧院;剧场,31.27609720656814,121.44847335716769
临汾社区文化活动中心综艺小剧场,保德路181号4层404,静安区,上海市,体育休闲服务;影剧院;剧场,31.319896245559136,121.45864157691315
补时,常德路888号,静安区,上海市,体育休闲服务;影剧院;电影院,31.23658033345087,121.43754139405189
马兰花排演厅,华山路643号中国福利会儿童艺术剧院院内,静安区,上海市,体育休闲服务;影剧院;剧场,31.218098208642278,121.4359287087907
ThePlace私人影院(虹口龙之梦店),中山北路198号申航大厦1903室,静安区,上海市,体育休闲服务;影剧院;电影院,31.266458601771205,121.46602975365292
FANCL艺术中心艺海剧院,江宁路466艺海大厦,静安区,上海市,体育休闲服务;影剧院;剧场,31.236880156868544,121.44787522375303
悦海会所(长寿路店),长寿路839智慧广场2层,静安区,上海市,体育休闲服务;影剧院;电影院,31.235861350822997,121.42600773404541
凯撒国际KTV,石门二路301号振安广场恒安大厦1-3层,静安区,上海市,体育休闲服务;影剧院;电影院,31.237853582636625,121.45497110113743
私人订制夜总会KTV,[],静安区,上海市,体育休闲服务;影剧院;电影院,31.24222376871942,121.45288895934812
俪都KTV(伯爵二店),延安西路396号近镇宁路美丽园酒店后门2楼,静安区,上海市,体育休闲服务;影剧院;电影院,31.220272712358614,121.4338013752839
万达电影院,泽州路28号,静安区,上海市,体育休闲服务;影剧院;电影院,31.265517803269702,121.45081336502604
鼎红国际会所,泽州路28号5层,静安区,上海市,体育休闲服务;影剧院;电影院,31.26594419115839,121.45061981592508
欢乐马戏中剧场,[],静安区,上海市,体育休闲服务;影剧院;剧场,31.27977252026515,121.44650207837466
万达影城(静安大融城1号楼),沪太路1111弄静安大融城1号楼F4层,静安区,上海市,体育休闲服务;影剧院;电影院,31.28165730419947,121.42168470500197
Enjoy影·悦主题私人影院,乌鲁木齐北路211号聚安大厦711,静安区,上海市,体育休闲服务;影剧院;电影院,31.2238165526666,121.4382820494956
新中高级中学-音乐厅,新中高级中学音乐厅,静安区,上海市,体育休闲服务;影剧院;音乐厅,31.28825588901252,121.42774988601683
国色天香商务会所(洛川东路店),洛川东路357-377号(中国农业银行西行30米),静安区,上海市,体育休闲服务;影剧院;电影院,31.271806296577907,121.45652257526244
缤纷年代商务KTV,南京西路580号仲益大厦五楼,静安区,上海市,体育休闲服务;影剧院;电影院,31.233016617076643,121.46144141089255
端钧剧场,华山路600号上海戏剧学院内(近镇宁路),静安区,上海市,体育休闲服务;影剧院;剧场,31.21929670319743,121.43536448447685
UA CINEMA(梅龙镇广场),南京西路1038号梅龙镇广场F10层1001,静安区,上海市,体育休闲服务;影剧院;影剧院相关,31.231003445026264,121.45224517709558
爱丽丝冒险奇遇记,彭浦镇广中西路666号大宁小城1层,静安区,上海市,体育休闲服务;影剧院;电影院,31.276970681767278,121.43398380362115
完美世界影城(闸北店),共和新路3088号祥腾财富广场2号楼205-208,静安区,上海市,体育休闲服务;影剧院;电影院,31.295241847334207,121.44231274220647
新恒星影城(大悦城店),西藏北路166号上海大悦城南座10-11层,静安区,上海市,体育休闲服务;影剧院;电影院,31.245003391440218,121.46766079375307
相声大会弘春社,康乐路101号北站社区文化活动中心6楼剧场(海宁路口),静安区,上海市,体育休闲服务;影剧院;剧场,31.24859855480087,121.47233576654709
百美汇影城(静安嘉里中心北区),南京西路1515号静安嘉里中心北区4层01号,静安区,上海市,体育休闲服务;影剧院;电影院,31.225655896596916,121.44424628305937
梦想空间概念私人影吧(闸北店),共和新路1943号云海饭店2层(大宁国际对面),静安区,上海市,体育休闲服务;影剧院;电影院,31.276962158395428,121.44908485369811
寰映影城(静安大融城1号楼),沪太路1111弄10号大融城商场1号楼3层,静安区,上海市,体育休闲服务;影剧院;电影院,31.281668526723816,121.42189597702594
休闲娱乐,安远路443号附近,静安区,上海市,体育休闲服务;影剧院;电影院,31.240527553153246,121.43697388153474
红星电影世界(上海汶水路超级店),汶水路40号13幢宏慧·视界BOX(平型关路汶水路口),静安区,上海市,体育休闲服务;影剧院;电影院,31.295954626549207,121.4536644520566
光影车间(静安店),乌鲁木齐北路459号静安文化馆一楼,静安区,上海市,体育休闲服务;影剧院;电影院,31.220933166242745,121.43898779970793
PALACE(协信星光广场北里),江场路1228弄21号协信星光广场北里F3层NL208-303,静安区,上海市,体育休闲服务;影剧院;电影院,31.299727461235236,121.45293913350201
噗哧脱口秀,北京西路1013号尚演谷7楼,静安区,上海市,体育休闲服务;影剧院;剧场,31.232121489673002,121.4511601683355
上海波特曼丽思卡尔顿酒店剧院,南京西路1376号上海波特曼丽思卡尔顿酒店4层,静安区,上海市,体育休闲服务;影剧院;剧场,31.228969287094156,121.44715308959465
D&D音乐剧中心(大宁音乐广场店),万荣路777号大宁音乐广场B座1楼(电影院旁),静安区,上海市,体育休闲服务;影剧院;剧场,31.281577848687636,121.43987747136133
上海商城剧院部及中庭办公室,南京西路1376号上海商城3层353室,静安区,上海市,体育休闲服务;影剧院;剧场,31.22862589693108,121.4473676569149
曹杨影城(兰溪路店),兰溪路125号,普陀区,上海市,体育休闲服务;影剧院;电影院,31.24049663345949,121.40113604551905
星光影城(亚新生活广场店),长寿路401号亚新生活广场4层,普陀区,上海市,体育休闲服务;影剧院;电影院,31.24083493280917,121.43300810237845
上海博纳银兴国际影城(武宁店),武宁路101号我格广场4层,普陀区,上海市,体育休闲服务;影剧院;电影院,31.24014285662784,121.41815710800111
华谊兄弟电影中心,大渡河路178号长风大悦城L5层,普陀区,上海市,体育休闲服务;影剧院;电影院,31.224515902674572,121.39047830668183
金逸国际电影城(中环店),金沙江路1628号5号楼B区1-3层,普陀区,上海市,体育休闲服务;影剧院;电影院,31.236204418929574,121.37473080727263
沪西电影院(万航渡路店)(暂停营业),万航渡后路19,普陀区,上海市,体育休闲服务;影剧院;电影院,31.231407768310426,121.42205655969657
菲林山谷影城,梅川路1318号百安居旁,普陀区,上海市,体育休闲服务;影剧院;电影院,31.245543448693333,121.37784281057998
SFC上影影城(宜川路店),宜川路300号2幢3楼(近延长西路),普陀区,上海市,体育休闲服务;影剧院;电影院,31.26402308650926,121.43328460608991
横店电影城(上海普陀店),真南路1228号康建商务广场1号楼3层,普陀区,上海市,体育休闲服务;影剧院;电影院,31.274152217420045,121.37026378763967
中影影尊国际影城(弘基时尚生活中心店),铜川路北弘基时尚生活中心3层,普陀区,上海市,体育休闲服务;影剧院;电影院,31.256955050622373,121.41547588249267
成龙影城(真北路店),真北路818号近铁城市广场北座4层,普陀区,上海市,体育休闲服务;影剧院;电影院,31.234469087045973,121.37712447298192
上海星逸国际影城(白丽生活广场店),武威路1118白丽生活广场4层,普陀区,上海市,体育休闲服务;影剧院;电影院,31.283764181278432,121.34594014223133
大光明影城,真光路1288号百联中环购物广场F3层A-L304&05,普陀区,上海市,体育休闲服务;影剧院;电影院,31.246491637536604,121.37960611493304
浅水湾·大剧场,宜昌路179号浅水湾文化艺术中心1层,普陀区,上海市,体育休闲服务;影剧院;剧场,31.25081727276775,121.43539681626737
耀莱国际影城,真北路818号近铁城市广场北座4层,普陀区,上海市,体育休闲服务;影剧院;电影院,31.234714107385816,121.3769676068478
香港汤池电影,云岭西路600弄金环商务花园南园5号楼103室,普陀区,上海市,体育休闲服务;影剧院;电影院,31.233335371452245,121.36273303903589
金枝玉叶KTV夜总会,陕西北路1622号华生大厦一层,普陀区,上海市,体育休闲服务;影剧院;电影院,31.24669509360491,121.43538414872401
万达影城,西康路1068号维多利亚广场1-3号,普陀区,上海市,体育休闲服务;影剧院;电影院,31.243350309450697,121.43699467955358
君满堂KTV(曹杨路店),曹杨路333号5楼,普陀区,上海市,体育休闲服务;影剧院;电影院,31.235849202805795,121.41630653521906
万达影城,真北路3187、3199号,普陀区,上海市,体育休闲服务;影剧院;电影院,31.276048754378902,121.39117657478248
微风音乐厅(月星家居店),澳门路168号月星家居4楼D008,普陀区,上海市,体育休闲服务;影剧院;音乐厅,31.25040117112368,121.4414496631679
梦想空间点播影院(中环百联店),真光路1288号百联中环购物广场4层,普陀区,上海市,体育休闲服务;影剧院;电影院,31.24824726733351,121.3790594468836
幸福蓝海国际影城(上海香溢IMAX店),光新路310号,普陀区,上海市,体育休闲服务;影剧院;电影院,31.255974558385105,121.4269824817072
浅水湾·小剧场,宜昌路179号浅水湾文化艺术中心2层,普陀区,上海市,体育休闲服务;影剧院;剧场,31.25097038351785,121.43550501694176
泰禾影城(上海118店),金沙江路1685号17幢501,普陀区,上海市,体育休闲服务;影剧院;电影院,31.23289187261145,121.37175952141239
爱家森林舞台剧场,真北路1108号红星美凯龙真北商场南馆内B1层,普陀区,上海市,体育休闲服务;影剧院;剧场,31.240189943934887,121.38034103382905
万幕电影(巴黎春天百货),长寿路155号巴黎春天百货陕西路店4层,普陀区,上海市,体育休闲服务;影剧院;电影院,31.24408480687771,121.43747560740293
成龙影城(曹杨路店),曹杨路2033号天汇广场3层,普陀区,上海市,体育休闲服务;影剧院;电影院,31.25852644496101,121.39997128035206
海上明珠国际影城(环球港店),中山北路3300号环球港4层4038室,普陀区,上海市,体育休闲服务;影剧院;电影院,31.236429767241415,121.40840622340527
同济大学沪西校区实验剧场,真南路500号同济大学沪西校区,普陀区,上海市,体育休闲服务;影剧院;剧场|科教文化服务;学校;高等院校,31.27259852874994,121.3875143781715
梦想剧场,宜昌路179号万代南梦宫艺术中心一楼,普陀区,上海市,体育休闲服务;影剧院;剧场,31.250915333421087,121.43545993249931
天之蓝浴场长征影剧院动漫电玩,武宁路2148号,普陀区,上海市,体育休闲服务;影剧院;电影院,31.247102605876602,121.39462030465435
未来剧场,宜昌路179号2楼,普陀区,上海市,体育休闲服务;影剧院;剧场,31.25088232988435,121.43544891357116
魔薇主题私人影院Movie box(长寿路店),长寿路1118号悦达国际大厦A座18楼F室,普陀区,上海市,体育休闲服务;影剧院;电影院,31.232502741614663,121.42249404048789
BOX影像沙龙(月星环球港店),白兰路137弄1号绿洲广场A座2601-2603室,普陀区,上海市,体育休闲服务;影剧院;影剧院相关,31.23808459699073,121.40957379491145
曲阳影都,曲阳路570号,虹口区,上海市,体育休闲服务;影剧院;电影院,31.28229368272398,121.48642356342415
星美国际影城(虹口店)(暂停营业),海宁路330号,虹口区,上海市,体育休闲服务;影剧院;电影院,31.252828111225146,121.48159905643308
金逸影城(上海龙之梦IMAX店),西江湾路388号凯德龙之梦B座6层,虹口区,上海市,体育休闲服务;影剧院;电影院,31.273098107544676,121.47277111884787
星梦剧院,嘉兴路267号,虹口区,上海市,体育休闲服务;影剧院;剧场,31.258665085370186,121.48586559341494
萤石私人影院(四川北路店),四川北路1851号荣欣大厦1501室,虹口区,上海市,体育休闲服务;影剧院;电影院,31.263490911902966,121.47900412484258
2分03秒私人影院(虹口店),东江湾路空间188G1幢(润德坊西门内),虹口区,上海市,体育休闲服务;影剧院;电影院,31.269617263003383,121.47585480317274
SFC上影影城(虹口店),车站南路330号世纪联华3F,虹口区,上海市,体育休闲服务;影剧院;电影院,31.297082240852095,121.47023066252413
橙天嘉禾影城(星荟中心店),天潼路328号星荟中心地下一层15室,虹口区,上海市,体育休闲服务;影剧院;电影院,31.248139785507746,121.48214235750298
英皇·UA电影城(瑞虹天地月亮湾),瑞虹路188号瑞虹天地月亮湾2层,虹口区,上海市,体育休闲服务;影剧院;电影院,31.26683342579067,121.49387256200916
小鸟观映·暖语私人影院,花园路88号1002室,虹口区,上海市,体育休闲服务;影剧院;电影院,31.272305034390232,121.47190430410697
嘉杰微影院,四川北路1727弄嘉杰国际广场F5层505B,虹口区,上海市,体育休闲服务;影剧院;电影院,31.260720148095327,121.47797380940567
佰迦乐大光明影城(广灵店),广灵二路277号6层(近水电路),虹口区,上海市,体育休闲服务;影剧院;电影院,31.285632209891002,121.47108344777905
梦想空间点播影院(艾尚天地店),四川北路1661号艾尚天地2楼(GAP二楼出口对面),虹口区,上海市,体育休闲服务;影剧院;电影院,31.25880312408638,121.47837033798847
万达电影院,曲阳路789号(东体育会路),虹口区,上海市,体育休闲服务;影剧院;电影院,31.291540191832325,121.48584572295547
百老汇大戏院旧址,霍山路57-2号临附近,虹口区,上海市,体育休闲服务;影剧院;剧场,31.255141473909937,121.50558063046324
英皇电影城(瑞虹天地月亮湾),瑞虹路188号瑞虹天地月亮湾L3层,虹口区,上海市,体育休闲服务;影剧院;电影院,31.267137917636582,121.49408028416917
星美国际影商城(天虹商业广场),广灵二路247号天虹商业广场F6层,虹口区,上海市,体育休闲服务;影剧院;电影院,31.285496087232602,121.47065504919948
THE PEARL(乍浦路店),乍浦路471号(武进路),虹口区,上海市,体育休闲服务;影剧院;剧场,31.253966096680973,121.48176654516632
上海宝山沪剧艺术传承中心,吴家湾路137-139号,虹口区,上海市,体育休闲服务;影剧院;剧场,31.295713787342958,121.48014031074426
帕加尼国际影城(虹口店),四川北路1363号壹丰广场3层,虹口区,上海市,体育休闲服务;影剧院;电影院,31.254288281340763,121.47947052415098
CGV影城(上海白玉兰广场购物中心),东长治路588号上海白玉兰广场商业裙房3层11号,虹口区,上海市,体育休闲服务;影剧院;电影院,31.251338587844064,121.49467075060493
5号厅,西江湾路388号凯德龙之梦F6层,虹口区,上海市,体育休闲服务;影剧院;电影院,31.272979540992434,121.47290858771908
熙梅影音(天虹商业广场),广灵二路247号天虹商业广场F4层,虹口区,上海市,体育休闲服务;影剧院;电影院,31.285193619404208,121.47043936680129
东融国际影城,黄兴路1616号1层(松花江路大润发旁),杨浦区,上海市,体育休闲服务;影剧院;电影院,31.289201411671097,121.51855397180276
万达影城(五角场万达广场店),国宾路58号万达广场3层,杨浦区,上海市,体育休闲服务;影剧院;电影院,31.303076444897112,121.50896259170135
东宫剧院(平凉路),平凉路1500号1号楼(近宁国路),杨浦区,上海市,体育休闲服务;影剧院;电影院,31.26761561796586,121.53560572188448
四平电影院(大连西路店)(暂停营业),四平路901号,杨浦区,上海市,体育休闲服务;影剧院;电影院,31.277568395352475,121.49671489341283
博纳国际影城(中原城市广场店),国和路777号中原城市广场2座F4层,杨浦区,上海市,体育休闲服务;影剧院;电影院,31.317811682778444,121.5176464911872
卢米埃(紫荆广场),控江路1628号紫荆广场F5层L5-07、F6层,杨浦区,上海市,体育休闲服务;影剧院;电影院,31.277001860877736,121.51200447760884
中影国际影城(合生汇),翔殷路1099号合生汇L4层,杨浦区,上海市,体育休闲服务;影剧院;电影院,31.301790140438445,121.51386586487838
上影百联影城,淞沪路8号百联又一城购物中心8F层,杨浦区,上海市,体育休闲服务;影剧院;电影院,31.304268524193024,121.51086619446835
金逸国际电影城(海上海店),飞虹路568弄海上海弘基休闲广场A区48号,杨浦区,上海市,体育休闲服务;影剧院;电影院,31.27024540719868,121.5033814942348
大光明丽星汇影城(杨浦店),民星路378号二层,杨浦区,上海市,体育休闲服务;影剧院;电影院,31.314019660325748,121.53469217203391
环球世纪影城(旭辉Mall),控江路2052号附近,杨浦区,上海市,体育休闲服务;影剧院;电影院,31.275671699590113,121.5042531560661
世纪虹旭影城(控江旭辉MALL店),控江路2066号旭辉MALL1号楼4层,杨浦区,上海市,体育休闲服务;影剧院;电影院,31.275673487421393,121.50418190102985
上影国际影城(百联滨江购物中心),平凉路1399号百联滨江购物中心F4层,杨浦区,上海市,体育休闲服务;影剧院;电影院,31.267328208606525,121.53330095068712
摩微影院(大学路店),政民路430号2楼,杨浦区,上海市,体育休闲服务;影剧院;电影院,31.303169176323664,121.49977173900893
上海红树林影院(欧尚超市长阳店)(装修中),长阳路1750号欧尚3层,杨浦区,上海市,体育休闲服务;影剧院;电影院,31.27205518069825,121.53412199681026
梦想空间点播影院(滨江百联店),平凉路1399号滨江百联购物中心一楼,杨浦区,上海市,体育休闲服务;影剧院;电影院,31.266960024618008,121.53316056188571
万达影城,周家嘴路1888号瀚海明玉大酒店副楼,杨浦区,上海市,体育休闲服务;影剧院;电影院,31.267860759774695,121.5109766507279
长海路街道社区剧场,翔殷路505弄3号6层,杨浦区,上海市,体育休闲服务;影剧院;剧场,31.30794774738349,121.53131756749507
SFC上影影城(国华广场店),三门路99号国华广场4层415号,杨浦区,上海市,体育休闲服务;影剧院;电影院,31.31384084823338,121.50846994072194
国金汇国际KTV(大连路店),大连路1546号(阜新路口),杨浦区,上海市,体育休闲服务;影剧院;电影院,31.274791352713862,121.49998490984787
创智天地梦剧场,淞沪路388号7号楼1楼,杨浦区,上海市,体育休闲服务;影剧院;剧场,31.309623688343194,121.50854757158247
金橙剧院,控江路1155号(靖宇南路控江路),杨浦区,上海市,体育休闲服务;影剧院;剧场,31.280451848989358,121.52399074821459
神诞剧场,杨树浦路2866号杨浦奥特莱斯F1,杨浦区,上海市,体育休闲服务;影剧院;剧场,31.272898422775718,121.55354336751867
中影UL城市影院(隆昌店),隆昌路586号七巧国4楼(隆昌路长阳路),杨浦区,上海市,体育休闲服务;影剧院;电影院,31.277438975607353,121.53929540114542
Memory House概念影咖,大学路68号501室,杨浦区,上海市,体育休闲服务;影剧院;电影院,31.306771806239833,121.50685079368775
东方渔人码头华夏影城,安浦路615东方渔人码头国际中心B1层,杨浦区,上海市,体育休闲服务;影剧院;电影院,31.254037360876143,121.52864381661881
苏宁影城(上海五角场店),邯郸路585号苏宁广场4楼苏宁影城,杨浦区,上海市,体育休闲服务;影剧院;电影院,31.301069565927374,121.5101047886288
大地影院(杨浦区嘉誉悠方广场影城),殷行路1388弄上海悠方R7栋3层,杨浦区,上海市,体育休闲服务;影剧院;电影院,31.33194682824128,121.50530515700213
平凉社区文化活动中心-小剧场,怀德路399号1楼102室,杨浦区,上海市,体育休闲服务;影剧院;剧场,31.25817344569846,121.52179741994411
乐汀私人银幕(复旦旗舰店),政民路430号2楼番米屋边上楼,杨浦区,上海市,体育休闲服务;影剧院;电影院,31.303178292796822,121.49981188278741
锦缘商务会所,国定东路269号4层(近五角场),杨浦区,上海市,体育休闲服务;影剧院;电影院,31.299850447797915,121.51616695564995
杨浦区文化馆群星剧场,中原路188号文化馆2层,杨浦区,上海市,体育休闲服务;影剧院;剧场,31.319735030988294,121.52806650447235
珍得巧克力剧院(上海国际时尚中心),杨树浦路2866号上海国际时尚中心9号楼(近内江路),杨浦区,上海市,体育休闲服务;影剧院;剧场,31.271473786498905,121.55516098016571
上海保利城市剧院,都市路4889号,闵行区,上海市,体育休闲服务;影剧院;剧场,31.107021720241878,121.38504417868512
万达影城(上海颛桥龙盛广场店),都市路3759号龙盛商业广场3层,闵行区,上海市,体育休闲服务;影剧院;电影院,31.08682477738803,121.39444727328598
上影CGV莘庄影城(仲盛世界店),都市路5001号仲盛世界商城4层(近莘庄地铁南广场),闵行区,上海市,体育休闲服务;影剧院;电影院,31.1093284311106,121.38332211699482
大地影院(梅陇店),莲花南路1500弄梅陇镇新都会11号楼2层,闵行区,上海市,体育休闲服务;影剧院;电影院,31.09892107141642,121.40794191115891
大光明影城(七宝店),七莘路3655号凯德七宝购物广场F3层,闵行区,上海市,体育休闲服务;影剧院;电影院,31.167281227053273,121.33719073602656
上海完美世界影城(北桥店),鹤翔路28弄9-10号上海国际根雕城1层,闵行区,上海市,体育休闲服务;影剧院;电影院,31.049187644557517,121.40294810874238
上海左岸影城(金汇店),金汇路528号虹桥古玩城5层,闵行区,上海市,体育休闲服务;影剧院;电影院,31.18351452674328,121.37007592041383
文馨剧场,鹤庆路366号1楼,闵行区,上海市,体育休闲服务;影剧院;剧场,31.010548443353,121.4108734157201
世纪友谊影城(沪闵路店),沪闵路7250号南方二区9层,闵行区,上海市,体育休闲服务;影剧院;电影院,31.132931226638277,121.39537515124879
虹桥文化中心影剧院,万源路虹桥文化中心2层,闵行区,上海市,体育休闲服务;影剧院;影剧院相关,31.175906871713003,121.38196832517765
虹桥天地南区演艺中心,绍虹路33号(虹桥火车站),闵行区,上海市,体育休闲服务;影剧院;剧场|购物服务;商场;购物中心,31.195043169432743,121.31138456017669
保利国际影城(江川店),鹤庆路900号老闵行生活广场4号楼3层,闵行区,上海市,体育休闲服务;影剧院;电影院,31.00879273595951,121.3998409569281
慧音剧场,金光路225号3楼,闵行区,上海市,体育休闲服务;影剧院;剧场,31.200105892064087,121.27271274079996
江川儿童城,江川路344号上海商影大厦,闵行区,上海市,体育休闲服务;休闲场所;游乐场|体育休闲服务;影剧院;剧场,31.005617957699624,121.41187558083308
世纪沪星影城(顺恒广场店),沪星路289弄18号顺恒国际商业广场F4层,闵行区,上海市,体育休闲服务;影剧院;电影院,31.16445355802605,121.33457174453723
莲花路黑匣子剧场,平阳路646号,闵行区,上海市,体育休闲服务;影剧院;剧场,31.14032042055889,121.39416267435614
太禾影城(华侨城商业中心),浦江镇陈行公路2688号华侨城商业中心F4层,闵行区,上海市,体育休闲服务;影剧院;电影院,31.097423739014378,121.49936263796661
华彩弘歌鑫都影城(鑫都店),颛桥镇鑫都路2538弄1幢3层,闵行区,上海市,体育休闲服务;影剧院;电影院,31.058191719868542,121.39142245068297
时代影城(万乐城),莲花南路3999弄7号楼210室(万乐成2层),闵行区,上海市,体育休闲服务;影剧院;电影院,31.040778290194073,121.44045251887137
浦江影剧院,叶家桥路280号,闵行区,上海市,体育休闲服务;影剧院;电影院,31.066140783089384,121.5245905894364
兴都剧场,都市路2699号3层,闵行区,上海市,体育休闲服务;影剧院;剧场,31.07182717318981,121.4001835468262
SFC上影(七宝店),漕宝路3489号汇宝购物广场A栋8层,闵行区,上海市,体育休闲服务;影剧院;电影院,31.157692705981976,121.34469760850462
星美国际影城(闵行店),光华路1号,闵行区,上海市,体育休闲服务;影剧院;电影院,31.07410015824537,121.39340056465355
博纳国际影城(绚荟城),莲花南路1388弄7号绚荟城F3层,闵行区,上海市,体育休闲服务;影剧院;电影院,31.10302536860602,121.40697704384485
华士达影城(漕宝店),漕宝路1574号星宝购物中心四层华士达影城,闵行区,上海市,体育休闲服务;影剧院;电影院,31.15919718158676,121.37376757772931
7+影城(华漕店),繁兴路399号华漕生活馆3层,闵行区,上海市,体育休闲服务;影剧院;电影院,31.211647069481476,121.28757831427538
耳东影城(维璟广场),莘庄镇七莘路1507号维璟广场4层,闵行区,上海市,体育休闲服务;影剧院;电影院,31.13278792167807,121.35979848531987
百丽宫影城(万象城店),吴中路1599号L501,闵行区,上海市,体育休闲服务;影剧院;电影院,31.172485988401796,121.36430392388854
木槿校园影城(交大店),东川路800号上海交通大学闵行校区光彪楼1-2层(上海交通大学),闵行区,上海市,体育休闲服务;影剧院;电影院,31.02532381670938,121.42977298025174
华士达影城(浦江店),江月路1850弄1-6号C栋4层、D栋4层,闵行区,上海市,体育休闲服务;影剧院;电影院,31.0850396769465,121.50069546706746
小满点播影院,永平路180号2楼,闵行区,上海市,体育休闲服务;影剧院;电影院,31.01701671722609,121.42761114845472
比高电影城(古北店),古北路1699号B1,闵行区,上海市,体育休闲服务;影剧院;电影院,31.190292323341964,121.39798206443815
华夏丰尚国际影城,华漕镇运乐路569号丰尚国际生活中心3号楼310单元,闵行区,上海市,体育休闲服务;影剧院;电影院,31.20499562266817,121.27726824600755
上海百老汇影城(宝龙店),七宝宝龙城市广场4层,闵行区,上海市,体育休闲服务;影剧院;电影院,31.160232384871733,121.35000377512308
海上国际影城(凯德龙之梦莘庄店),沪闵路6088号凯德龙之梦购物中心(莘庄店)F4层04-01,闵行区,上海市,体育休闲服务;影剧院;电影院,31.10993323976606,121.37316953751585
完美魔杰电竞影院(闵行店),虹桥镇虹井路288号燎申国际商业广场205-206号乐虹坊精致生活广场A座4层,闵行区,上海市,体育休闲服务;影剧院;电影院,31.178348491850898,121.36714329887545
珠影沪亚国际影城(永德店),永德路419号永德生活广场211室,闵行区,上海市,体育休闲服务;影剧院;电影院,31.042940320221646,121.45133990355298
CGV星聚汇影城(七宝万科广场),漕宝路3366号七宝万科广场F5层,闵行区,上海市,体育休闲服务;影剧院;电影院,31.15665231641291,121.34523459628728
耀莱成龙国际影城(虹桥店),申滨路473号新华联购物中心2层,闵行区,上海市,体育休闲服务;影剧院;电影院,31.202600400281305,121.30483921430329
上影当代影城(丽宝乐园店),苏虹路316号丽宝广场T2L109-110上影当代影城,闵行区,上海市,体育休闲服务;影剧院;电影院,31.1974548530346,121.30599517169777
英皇·UA电影城(虹桥天地南区购物中心),申长路900号虹桥天地南区购物中心L6层L6-01,闵行区,上海市,体育休闲服务;影剧院;电影院,31.194275040135704,121.3116580173141
漫时光音乐吧,七宝老街北东街28号,闵行区,上海市,体育休闲服务;影剧院;音乐厅,31.15411237577182,121.35013105818565
红星电影世界(吴中路旗舰店),爱琴海购物公园7层,闵行区,上海市,体育休闲服务;影剧院;电影院,31.17592359940087,121.36810019068287
万达影城(闵行颛桥万达广场店),颛桥镇颛兴东路1559号万达广场(颛桥店)F4层4F-A,闵行区,上海市,体育休闲服务;影剧院;电影院,31.072276094755225,121.40148174003026
PALACE(万象城吴中路店),吴中路1799号万象城(吴中路店)F4层-F5层-F6层,闵行区,上海市,体育休闲服务;影剧院;电影院,31.172902838912734,121.36584561590712
幸福蓝海国际影城(龙湖虹桥天街店),申滨南路1126号龙湖虹桥天街购物中心A馆F4层A-L4-19,闵行区,上海市,体育休闲服务;影剧院;电影院,31.194394715012056,121.30910066817634
幸福蓝海国际影城,申长路869号龙湖天街A馆,闵行区,上海市,体育休闲服务;影剧院;电影院,31.19518116288724,121.3086446023807
大地影院(闵行区吴泾宝龙店),尚义路39弄3号吴泾宝龙广场402室,闵行区,上海市,体育休闲服务;影剧院;电影院,31.039673877919242,121.44702205004037
梦想空间点播影院(碧江广场店),鹤庆路900号老闵行碧江广场8号楼403,闵行区,上海市,体育休闲服务;影剧院;电影院,31.009444393739987,121.4002489565277
CMC大光明影城(莲花国际广场店),沪闵路7866号莲花国际广场B1层,闵行区,上海市,体育休闲服务;影剧院;电影院,31.13636725772352,121.39786275115225
平阳二村社区东方百姓影院,顾戴路1199弄88号,闵行区,上海市,体育休闲服务;影剧院;电影院,31.14024837987269,121.38553899213714
泰迪8影城(新华·红星国际广场),虹井路188号新华·红星国际广场F3层,闵行区,上海市,体育休闲服务;影剧院;电影院,31.177942812732866,121.36876112490779
东方之珠KTV夜总会,古北路1881号亚繁国际广场,闵行区,上海市,体育休闲服务;影剧院;电影院,31.188025545459347,121.39978140046591
万达影城,虹井路288号乐虹坊精致生活广场5层,闵行区,上海市,体育休闲服务;影剧院;电影院,31.17880330045596,121.36711030546117
海上国际影城-莘庄店,沪闵路6088号凯德龙之梦广场4楼(近莘建路),闵行区,上海市,体育休闲服务;影剧院;电影院,31.11015011612659,121.3731735141147
春天国际影城(上海中庚漫游城店),中庚·漫游城5层,闵行区,上海市,体育休闲服务;影剧院;电影院,31.133228307045783,121.39366238072819
星轶STARX影城(龙湖闵行天街旗舰店),剑川路1000号龙湖闵行天街4F,闵行区,上海市,体育休闲服务;影剧院;电影院,31.02765880429716,121.40980420723207
格里芬汽车影城(曲吴路店),曲吴路429号(近虹梅南路),闵行区,上海市,体育休闲服务;影剧院;电影院,31.056545383323304,121.45130765237609
七宝皮影艺术馆,七宝古镇北西街95号(近七宝老街),闵行区,上海市,体育休闲服务;影剧院;剧场|科教文化服务;展览馆;展览馆|科教文化服务;美术馆;美术馆,31.154348068973857,121.34963500083781
金公馆夜总会KTV,吴中路1171弄50支弄1号(近万源路),闵行区,上海市,体育休闲服务;影剧院;电影院,31.177546074086056,121.38046638499505
华师大紫竹教育园区音乐厅,紫龙路,闵行区,上海市,体育休闲服务;影剧院;音乐厅,31.03325742382199,121.45998213429941
漫城娱乐KTV,浦江镇芦恒路372号,闵行区,上海市,体育休闲服务;影剧院;电影院,31.11593900877269,121.48547934200137
上海百老汇中心(BCA),虹梅路3213号红春商务楼3层308,闵行区,上海市,体育休闲服务;影剧院;影剧院相关,31.187922001875496,121.38167750430438
DFC影城(七宝店),七莘路1809号红点城3层L3-120,闵行区,上海市,体育休闲服务;影剧院;电影院,31.13620776797172,121.35792634563161
世纪欣禾电影院,诸翟镇保乐路69弄92号3层西南侧,闵行区,上海市,体育休闲服务;影剧院;电影院,31.20923126000882,121.2875595529418
上影国际影城(东川店),闵行区东川路2088号置业广场3层,闵行区,上海市,体育休闲服务;影剧院;电影院,31.0168978667208,121.41544667552671
华士达影城(浦航路店),满天星生活广场浦江店5层,闵行区,上海市,体育休闲服务;影剧院;电影院,31.04378483913157,121.53748973724164
万达影城(吴泾店),龙吴路5891号2层201室,闵行区,上海市,体育休闲服务;影剧院;电影院,31.036527942791675,121.4640722849477
海上明珠影城(紫竹园店),紫星路488弄129号3层,闵行区,上海市,体育休闲服务;影剧院;电影院,31.022731142182362,121.46060789950855
太禾影城(江园店),浦锦路309弄6号B1层06-B,闵行区,上海市,体育休闲服务;影剧院;电影院,31.079614165144193,121.49282462757283
颐焕堂,青杉路163号102室,闵行区,上海市,体育休闲服务;影剧院;电影院|生活服务;洗浴推拿场所;洗浴推拿场所,31.178292005919136,121.36203691526393
兰晶剧场,漕宝路1688号诺宝中心酒店1层,闵行区,上海市,体育休闲服务;影剧院;剧场,31.159522395278305,121.36866984694599
幸福蓝海影城(上海彩生活店),莘福路288号1号楼5层,闵行区,上海市,体育休闲服务;影剧院;电影院,31.10539824441331,121.35816061148435
童话故事剧场,漕宝路1532弄1号3楼,闵行区,上海市,体育休闲服务;影剧院;剧场,31.1589209936653,121.37629588017498
森林演艺,亭子村沈杜公路地铁站西600米,闵行区,上海市,体育休闲服务;影剧院;剧场,31.061834792903902,121.50166890779565
7 CINEMA(华漕·生活馆),繁兴路399弄1号华漕·生活馆F3层,闵行区,上海市,体育休闲服务;影剧院;电影院,31.211886706164734,121.28775099159743
梦想空间点播院线(七宝凯德店),七莘路3655号凯德广场4层(网鱼网咖向左),闵行区,上海市,体育休闲服务;影剧院;电影院,31.16633161990622,121.33616306987398
斯麦尔私人影院(井亭天地生活广场),虹泉路1078号8栋井亭天地生活广场F2层,闵行区,上海市,体育休闲服务;影剧院;电影院,31.17172552443341,121.36916712666404
上海完美世界影城(春都店),春都路233号3层,闵行区,上海市,体育休闲服务;影剧院;电影院,31.084075560020747,121.41190281657472
万达影城(宝山万达广场店),一二八纪念路878号万达广场F5层501、F6层,宝山区,上海市,体育休闲服务;影剧院;电影院,31.32601418488887,121.44290042983796
大地影院(弘基广场店),聚丰园路57弄3号弘基广场3层,宝山区,上海市,体育休闲服务;影剧院;电影院,31.31710217842494,121.38134549505551
大地影院(华润万家大华店),大华路518号华润万家超市4层大地影院,宝山区,上海市,体育休闲服务;影剧院;电影院,31.273371015449012,121.40946865086201
泗塘电影院(虎林路店),虎林路439号,宝山区,上海市,体育休闲服务;影剧院;电影院,31.340264139653236,121.45285138876761
影剧院,龙镇路96号(四元路)上海市宝山区月浦文化馆,宝山区,上海市,体育休闲服务;影剧院;电影院|体育休闲服务;影剧院;剧场,31.4187055118799,121.42214833990785
宝山大光明影城,殷高路65号3层,宝山区,上海市,体育休闲服务;影剧院;电影院,31.32258060436996,121.48463879838296
free国际影城(顾村店),菊盛路882号联华超市菊盛店3层,宝山区,上海市,体育休闲服务;影剧院;电影院,31.362549905267525,121.36451504680686
CGV星聚汇影城(上海大华店),大华路348号大华虎城嘉年华C区3层(近大华一路),宝山区,上海市,体育休闲服务;影剧院;电影院,31.272006596790142,121.40947577445324
百纳私人影院,一二八纪念路878弄7号8层820室,宝山区,上海市,体育休闲服务;影剧院;电影院,31.326349387315943,121.44408518234103
UME国际影城(宝山店),牡丹江路318号诺亚新天地D座4层,宝山区,上海市,体育休闲服务;影剧院;电影院,31.383862418464155,121.49115382304473
CGV电影院,大华路348号3楼,宝山区,上海市,体育休闲服务;影剧院;电影院,31.271893588792828,121.40936871617923
Free国际影城(宝杨店),杨行镇宝杨路3003号闿和阳光广场3层,宝山区,上海市,体育休闲服务;影剧院;电影院,31.379832803770068,121.44116078053408
华士达影城(宝山店),陆翔路111弄10号正大乐城3层,宝山区,上海市,体育休闲服务;影剧院;电影院,31.347220970016803,121.36698580204622
中宏影城,殷高西路555号2-3层,宝山区,上海市,体育休闲服务;影剧院;电影院,31.32217934732362,121.46605705102438
德信影城(昇PARK店),真大路520号,宝山区,上海市,体育休闲服务;影剧院;电影院,31.298398087436127,121.4019481672487
斐王国际影城,场北路商业广场704号3层,宝山区,上海市,体育休闲服务;影剧院;电影院,31.333540161085505,121.42064487072494
上影国际影城(宝山店),永清路700号宝山体育中心1层,宝山区,上海市,体育休闲服务;影剧院;电影院,31.394878898477522,121.48702710440314
摩微私人银幕,共和新路4757弄24号,宝山区,上海市,体育休闲服务;影剧院;电影院,31.324305840742387,121.44134602269258
DFC影城(大场店),场中路4048号地下一层03-1、03-2,宝山区,上海市,体育休闲服务;影剧院;电影院,31.30380486326859,121.41314370395426
SFC上影国际影城(淞南店),长江西路380号(保利悦活荟)1楼,宝山区,上海市,体育休闲服务;影剧院;电影院,31.343875801997353,121.47204162029364
亿博国际影城,蕰川路1999号亿博大厦4层,宝山区,上海市,体育休闲服务;影剧院;电影院,31.38473562140272,121.4244955360761
CGV影城(上海宝龙店),宝杨宝龙广场3楼,宝山区,上海市,体育休闲服务;影剧院;电影院,31.39681303089541,121.47698275175074
横店电影城(上海宝龙广场店),杨南路2211号宝山宝龙城市广场F3层,宝山区,上海市,体育休闲服务;影剧院;电影院,31.391068993018525,121.35404307508449
DFC影城(宝山店),共和新路5288号1楼,宝山区,上海市,体育休闲服务;影剧院;电影院,31.329176111334196,121.43750528395262
华影星城时代国际影城,杨行镇宝杨路3003号闿和阳光广场3F,宝山区,上海市,体育休闲服务;影剧院;电影院,31.3794444251559,121.44089521953484
幸福蓝海国际影城宝山天街IMAX,龙湖宝山天街4层,宝山区,上海市,体育休闲服务;影剧院;电影院,31.359349991897925,121.35859579502903
C+影院,逸仙路1328号新业坊源创10幢101室,宝山区,上海市,体育休闲服务;影剧院;电影院,31.32063558557598,121.47890289032333
上海轩影国际影城(聚丰购物广场店),聚丰园路165号沃尔玛(近中国银行)门口电梯上三楼,宝山区,上海市,体育休闲服务;影剧院;电影院,31.316982288502977,121.3773220758891
瑜音阁,菊盛路709号龙现代艺术馆内8号楼,宝山区,上海市,体育休闲服务;影剧院;剧场,31.359094670277745,121.36401809709257
希界维国际影城(上海大华店),学府路1-1号凯德广场5层05-14号(近哈师大附中),宝山区,上海市,体育休闲服务;影剧院;电影院,31.27171008008184,121.41013823553132
热力剧场,长江西路北150米,宝山区,上海市,体育休闲服务;影剧院;剧场,31.346524911945338,121.46728085463998
明星时代影城(上海淞南店),[],宝山区,上海市,体育休闲服务;影剧院;电影院,31.341468592488493,121.47629414688454
上海长滩音乐厅(装修中),牡丹江路1875号,宝山区,上海市,体育休闲服务;影剧院;音乐厅,31.414897407266146,121.47426897084007
幸福蓝海国际影城(招商花园城IMAX店),水产路2069号1幢3层3-21号商铺,宝山区,上海市,体育休闲服务;影剧院;电影院,31.37050009220004,121.44396105493178
龙珠书苑,沪太路1856弄龙珠苑198号,宝山区,上海市,体育休闲服务;影剧院;剧场,31.29113468444637,121.41126533497498
龙门阁会所,松兰路258号2层,宝山区,上海市,体育休闲服务;影剧院;电影院,31.373078263981125,121.4444540042655
万达影城(翼生活广场店),水产路2449号3层,宝山区,上海市,体育休闲服务;影剧院;电影院,31.368252492635097,121.43902910440983
华夏巨幕影城(美兰湖店),罗迎路851号2层,宝山区,上海市,体育休闲服务;影剧院;电影院,31.410013690335177,121.34612477427956
邻嘉影院(宝山智慧湾店),智慧湾科创园内,宝山区,上海市,体育休闲服务;影剧院;电影院,31.345982215736026,121.42851710004194
明星时代影城(上海淞南店),长江南路651号淞南购物中心二楼201室,宝山区,上海市,体育休闲服务;影剧院;电影院|餐饮服务;餐饮相关场所;餐饮相关,31.340373439026862,121.47610559803367
戏曲广场,密山东路与密山路交叉口南50米,宝山区,上海市,体育休闲服务;影剧院;剧场,31.406600775510125,121.48707627725838
自由人影城(宝山U天地店),罗店镇美健路829号11号楼3F-01室,宝山区,上海市,体育休闲服务;影剧院;电影院,31.392732455588302,121.33343949990926
万画影城(北上海广场店),蕰川路1555号北上海商业广场2层,宝山区,上海市,体育休闲服务;影剧院;电影院,31.367658237603163,121.42938465051054
唐德国际影城(上海罗泾店),罗泾镇萧月路7-113层,宝山区,上海市,体育休闲服务;影剧院;电影院,31.48715863873955,121.32558806801539
神农康沙龙俱乐部(红星美凯龙),汶水路1555号红星美凯龙B1层,宝山区,上海市,体育休闲服务;影剧院;影剧院相关,31.291457268479324,121.41517959271918
万达影城(江桥万达广场店),华江路988号3层,嘉定区,上海市,体育休闲服务;影剧院;电影院,31.241656439065018,121.31753969989002
嘉定影剧院,城中路149号,嘉定区,上海市,体育休闲服务;影剧院;电影院,31.385393817647028,121.24312225914703
比高电影城(南翔店),沪宜公路1082号5幢1层,嘉定区,上海市,体育休闲服务;影剧院;电影院,31.296899772290864,121.30005417779917
橙天嘉禾影城(嘉尚坊店),江桥镇嘉怡路303号嘉尚坊3层,嘉定区,上海市,体育休闲服务;影剧院;电影院,31.266629313890455,121.34312144589978
中影·国际影城(嘉定雅苑店),菊园新区管委会菊园新区胜竹路2050号三层,嘉定区,上海市,体育休闲服务;影剧院;电影院,31.40394056792474,121.24615641908989
美亚影城(永润广场店),宝安公路3718号永润星辰休闲广场F4层,嘉定区,上海市,体育休闲服务;影剧院;电影院,31.328787140503643,121.26374048121976
喜满客影城,白银路288弄台北风情街3层,嘉定区,上海市,体育休闲服务;影剧院;电影院,31.354721065171333,121.25411702246535
大地影院(嘉定方舟店),澄浏中路3172号方舟广场4层,嘉定区,上海市,体育休闲服务;影剧院;电影院,31.38931091338006,121.27343570515566
摩微影院(江桥店),华江路850弄江桥万达金街59号3层,嘉定区,上海市,体育休闲服务;影剧院;电影院,31.2412327338095,121.31853447405544
DREAM SPACE点播影院,马陆镇澄浏中路3172号百联嘉定购物中心1号楼2层021,嘉定区,上海市,体育休闲服务;影剧院;电影院,31.390145347199542,121.2737492302559
万达影城,嘉定镇塔城路295号疁城天地2幢,嘉定区,上海市,体育休闲服务;影剧院;电影院,31.384127325505375,121.25223837678698
瑞立影院,安亭镇博园路6990弄52号,嘉定区,上海市,体育休闲服务;影剧院;电影院,31.284407039938273,121.17553907156251
橙天嘉禾影城(五彩城店),宝翔路801号南翔华润五彩城3层(近陈翔路),嘉定区,上海市,体育休闲服务;影剧院;电影院,31.313349035445754,121.31300477138804
德信影城(吉嘉K-PLAZA),崇文路1085号吉嘉K-PLAZAF4层,嘉定区,上海市,体育休闲服务;影剧院;电影院,31.322819409412517,121.27202215586075
横店电影城(上海嘉定同济店),嘉松北路6130弄嘉实生活广场3层,嘉定区,上海市,体育休闲服务;影剧院;电影院,31.29013687722128,121.2180395372506
大地影院(罗宾森广场店),城中路138号罗宾森购物广场F4层S4-15-16,嘉定区,上海市,体育休闲服务;影剧院;电影院,31.386718075881333,121.24041603990088
美影国际影城(嘉定商城店),清河路48号嘉定商城5层,嘉定区,上海市,体育休闲服务;影剧院;电影院,31.38650751070355,121.24345415543259
卢米埃影城(大融城店),宝安公路3386号大融城F4层408,嘉定区,上海市,体育休闲服务;影剧院;电影院,31.332776371392928,121.27624079874315
满丰国际影城,槎溪路888弄1号3层,嘉定区,上海市,体育休闲服务;影剧院;电影院,31.293511824555708,121.31511572776434
保利国际影城,南翔镇真南路4368号中冶祥腾城市广场1-2号楼,嘉定区,上海市,体育休闲服务;影剧院;电影院,31.298530557469004,121.31736120629625
乐汀私人银幕,工业区汇源路238号2层(靠近中茂世纪假日酒店),嘉定区,上海市,体育休闲服务;影剧院;电影院,31.417921505849332,121.20047758493372
万达影城(中信泰富万达广场店),胜辛路447号中信泰富万达广场5层,嘉定区,上海市,体育休闲服务;影剧院;电影院,31.333845420029956,121.24966958278723
横店电影城(宝龙店),嘉定新城阿克苏路1099号宝龙城市广场4层,嘉定区,上海市,体育休闲服务;影剧院;电影院,31.347426366640278,121.25707498477774
大地影院,方舟时代会所澄浏中路3198弄6号金吉鸟健身,嘉定区,上海市,体育休闲服务;影剧院;电影院,31.389646299693226,121.27295828397962
上海保利大剧院,白银路159号,嘉定区,上海市,体育休闲服务;影剧院;剧场,31.355375024077695,121.26033205149845
恋吧主题影咖(江桥万达旗舰店),万达广场金街36号2层3号门,嘉定区,上海市,体育休闲服务;影剧院;电影院,31.241642880483273,121.31992926059894
万达影城,泸宜公路1158号久友大厦5层,嘉定区,上海市,体育休闲服务;影剧院;电影院,31.297274473714346,121.29896337639924
幕画国际电影城(安亭财富广场北区),安亭镇曹安公路5616号安亭财富广场北区F1层,嘉定区,上海市,体育休闲服务;影剧院;电影院,31.292156551733374,121.1566380858407
PUZZLE私人影院,塔城路297-7号尚薇中心5层507,嘉定区,上海市,体育休闲服务;影剧院;电影院,31.385412198047916,121.25120967296996
明星时代影城(上海南翔店),丰翔路3168号太茂广场3层,嘉定区,上海市,体育休闲服务;影剧院;电影院,31.30111828824756,121.32115134274022
红星电影世界(上海嘉定信业店),环城路762弄1-6号信业购物中心3F,嘉定区,上海市,体育休闲服务;影剧院;电影院,31.397677325853245,121.24454114136235
太平村百姓大舞台,宝园六路260号附近,嘉定区,上海市,体育休闲服务;影剧院;剧场,31.28213760528949,121.26003650555435
保利国际影城(祥腾店),真南路4368弄1-2号中冶祥腾城市广场4层,嘉定区,上海市,体育休闲服务;影剧院;电影院,31.297074274907892,121.31781330396845
博纳国际影城(悦合国际广场店)(装修中),曹安路1911弄悦合国际广场,嘉定区,上海市,体育休闲服务;影剧院;电影院,31.256745752924047,121.3525345784375
派微影秀·点播影院(财富广场店),曹安公路5616号财富广场南楼3层305-310室,嘉定区,上海市,体育休闲服务;影剧院;电影院,31.291466896283055,121.15667421681593
金豹KTV,迎园路586号附近,嘉定区,上海市,体育休闲服务;影剧院;电影院,31.386393966202274,121.26083501888112
CGV星聚汇(嘉亭荟城市生活广场西区),墨玉南路1055号嘉亭荟城市生活广场3层2-305室,嘉定区,上海市,体育休闲服务;影剧院;电影院,31.289341849917328,121.15726858168566
江桥镇火线村民大舞台,宝园一路与宝园六路交叉口北150米,嘉定区,上海市,体育休闲服务;影剧院;剧场,31.283005698555268,121.26796321218092
上影国际影城(SFC江桥店),[],嘉定区,上海市,体育休闲服务;影剧院;电影院,31.263697437543897,121.33604092390517
vr虚拟现实体验馆,墨玉南路1055号嘉葶荟一楼(11号线安亭站),嘉定区,上海市,体育休闲服务;影剧院;电影院,31.289915524226256,121.15776051367179
永乐小礼堂,众乐路285对面,嘉定区,上海市,体育休闲服务;影剧院;影剧院相关,31.29490730539061,121.28755125473634
小天使剧场,清河路196号2楼,嘉定区,上海市,体育休闲服务;影剧院;剧场,31.383141938610997,121.23588245482895
塔厅书场,城中街6号2层,嘉定区,上海市,购物服务;专卖店;书店|体育休闲服务;影剧院;剧场|体育休闲服务;娱乐场所;娱乐场所,31.386428569835584,121.24618990577832
万达影城(周浦万达广场店),周浦镇年家浜路518号万达广场C座4层,浦东新区,上海市,体育休闲服务;影剧院;电影院,31.116706713720877,121.56598200232112
上影百联影城(新世纪商厦店),张杨路501号上海第一八佰伴新世纪商厦10层,浦东新区,上海市,体育休闲服务;影剧院;电影院,31.230384029840902,121.51254628974313
上海东方艺术中心,丁香路425号东方艺术中心,浦东新区,上海市,体育休闲服务;影剧院;剧场,31.22488005766636,121.53698626872414
中影国际影城(川沙店),川沙路5558号6号楼3层,浦东新区,上海市,体育休闲服务;影剧院;电影院,31.185661860243332,121.6946243463387
上海东方艺术中心音乐厅,丁香路425号,浦东新区,上海市,体育休闲服务;影剧院;剧场|体育休闲服务;影剧院;音乐厅,31.224545467204173,121.53666537674513
川沙影剧院,新川路400号,浦东新区,上海市,体育休闲服务;影剧院;电影院,31.195623447852025,121.69428804780996
海艺数字影城(上海电影艺术学院店),华佗路280弄31号上海电影艺术学院内,浦东新区,上海市,体育休闲服务;影剧院;电影院,31.19324067427603,121.58756860949498
The Mixing Room&Muse,世博大道1200号梅赛德斯-奔驰文化中心,浦东新区,上海市,体育休闲服务;影剧院;音乐厅,31.190965246643824,121.48871047475734
兰馨电影院(张杨路店),张杨路400号,浦东新区,上海市,体育休闲服务;影剧院;电影院,31.228203432476857,121.51060669104085
六灶影剧院,周祝公路2333号,浦东新区,上海市,体育休闲服务;影剧院;影剧院相关,31.11873272994226,121.69422661477991
张江戏剧谷,张江路69号附近,浦东新区,上海市,体育休闲服务;影剧院;影剧院相关,31.214373860996908,121.60753613079521
浦东新舞台,浦东大道143号(南泉北路浦东大道),浦东新区,上海市,体育休闲服务;影剧院;剧场,31.241786480665947,121.51070790336466
上海万达影城(成山路店),成山路1111号(家乐福)3层,浦东新区,上海市,体育休闲服务;影剧院;电影院,31.17705583291577,121.51563845558549
中影DFC影城(龙阳路店),龙阳路2000号(龙阳广场5层),浦东新区,上海市,体育休闲服务;影剧院;电影院,31.20517152172542,121.5530990069978
星美国际影城(上海正大店),陆家嘴西路168号正大广场8层8F04,浦东新区,上海市,体育休闲服务;影剧院;电影院,31.239105412455185,121.49544357109525
巨幕影院,世纪大道2000号上海科技馆B1层,浦东新区,上海市,体育休闲服务;影剧院;电影院,31.220680387278847,121.53670782057226
上海金逸影城(施湾店),施湾镇施新路802弄1号楼绿地东海岸时代广场4层,浦东新区,上海市,体育休闲服务;影剧院;电影院,31.14930709020986,121.75175698199754
华夏久金影城,张扬路3918号久金广场F3层,浦东新区,上海市,体育休闲服务;影剧院;电影院,31.25778157037481,121.57752256646897
金谊华夏影城(上南路店),上南路4467弄20号中房金谊广场B1层,浦东新区,上海市,体育休闲服务;影剧院;电影院,31.14385045391994,121.50813808046797
Always国际影城,平度路258号金桥大拇指广场1层,浦东新区,上海市,体育休闲服务;影剧院;电影院,31.25697450335126,121.58652778575582
大地影院(万嘉店)(暂停营业),东靖路1881号万嘉商业广场4层,浦东新区,上海市,体育休闲服务;影剧院;电影院,31.295927935884464,121.60751038976242
佰伽乐大光明影城(文峰广场店),张杨北路801号文峰广场F2层,浦东新区,上海市,体育休闲服务;影剧院;电影院,31.274641524160344,121.58297900267745
百丽宫影城(国金中心商场),世纪大道8号国金中心商场LG2层-LG1层LG1-01,浦东新区,上海市,体育休闲服务;影剧院;电影院,31.238197295152183,121.49860303082261
大光明丽盛影城(新大陆店),南泉北路528号新大陆广场北楼4层N4-2,浦东新区,上海市,体育休闲服务;影剧院;电影院,31.231533894322016,121.51372930247797
保利国际影城(上海世博店),世博大道1368号世博源2区G层,浦东新区,上海市,体育休闲服务;影剧院;电影院,31.187516157726762,121.48776639910201
17.5影城(申港大道),南汇新城镇环湖西二路588号广昊大厦2层,浦东新区,上海市,体育休闲服务;影剧院;电影院,30.89921091646643,121.9185828195262
星美国际影城(上海外高桥店),启帆路628号森兰商都3层(近张杨北路洲海路),浦东新区,上海市,体育休闲服务;影剧院;电影院,31.314155082974256,121.58669414432849
大地影院,沪南公路509号鼎基商业广场F4层-F5层,浦东新区,上海市,体育休闲服务;影剧院;电影院,31.04441452856248,121.7515386827703
保利国际影城(曹路宝龙店),宝龙城市广场5层,浦东新区,上海市,体育休闲服务;影剧院;电影院,31.268710026762523,121.6496870208156
宣桥影剧院,宣桥镇南宣公路239号,浦东新区,上海市,体育休闲服务;影剧院;电影院,31.017814361637694,121.69603320721419
南码头社区无障碍电影,南码头路400号图书馆2层,浦东新区,上海市,体育休闲服务;影剧院;电影院,31.198041546078542,121.50402890425245
晟嘉国际影城,银城路66号,浦东新区,上海市,体育休闲服务;影剧院;电影院,31.243667163550654,121.50611148987272
中影红毯国际影城(航头店),沪南公路5588号苏航生活广场3层,浦东新区,上海市,体育休闲服务;影剧院;电影院,31.03825996237457,121.59171804072297
兰馨·悦立方,张杨路400号,浦东新区,上海市,体育休闲服务;影剧院;电影院|购物服务;购物相关场所;购物相关场所,31.228177622345193,121.51066790805811
新世纪影城(卖品部),张杨路501号第一八佰伴10楼(近浦东南路),浦东新区,上海市,体育休闲服务;影剧院;电影院,31.23038103123316,121.51254628999608
华夏晶华影城,三林路1515号晶华公馆5号楼2层,浦东新区,上海市,体育休闲服务;影剧院;电影院,31.14936344720869,121.51786034890553
中影星美国际影城(周祝店),周祝公路268弄绿地乐和城1号楼3层,浦东新区,上海市,体育休闲服务;影剧院;电影院,31.10503699154116,121.60520310974678
鸿纳国际影城,张杨北路5688弄100号,浦东新区,上海市,体育休闲服务;影剧院;电影院,31.34841372822543,121.57024223077337
万达影城(上海金桥店),长岛路1156-1158号金桥翡翠坊F3层,浦东新区,上海市,体育休闲服务;影剧院;电影院,31.263119228797372,121.58802406283168
中影国际影城(上海金科路店),祖冲之路1239弄2号长泰广场1号楼3层,浦东新区,上海市,体育休闲服务;影剧院;电影院,31.20826858388128,121.59812293837366
大观舞台(喜玛拉雅艺术中心),芳甸路1188号喜玛拉雅中心3层(近樱花路地铁7号线3号口),浦东新区,上海市,体育休闲服务;影剧院;剧场|体育休闲服务;影剧院;电影院,31.21122921551218,121.55767917702534
太空影院,世纪大道2000号上海科技馆3层,浦东新区,上海市,体育休闲服务;影剧院;电影院,31.220289572220654,121.53670785321762
四维影院,世纪大道2000号上海科技馆2层,浦东新区,上海市,体育休闲服务;影剧院;电影院,31.220180866356383,121.5372423916956
上影河马国际影城(汇智国际商业中心),金科路3057号汇智国际商业中心F5层,浦东新区,上海市,体育休闲服务;影剧院;电影院,31.205322214631305,121.59700617266726
万祥影剧院,万祥镇万祥路101号,浦东新区,上海市,体育休闲服务;影剧院;电影院,30.971267414982588,121.81548085702346
东视演播剧场,东方路2000号东视大厦,浦东新区,上海市,体育休闲服务;影剧院;剧场,31.2001804776726,121.51465112102058
东方明珠-环幕电影,世纪大道1号,浦东新区,上海市,体育休闲服务;影剧院;电影院,31.241903778333484,121.49532289932381
浦东大戏院,杨新路61号(近杨思新村路),浦东新区,上海市,体育休闲服务;影剧院;剧场,31.165889542626335,121.49024508791963
中华艺术宫艺术剧场,上南路161号中华艺术宫1层,浦东新区,上海市,体育休闲服务;影剧院;电影院,31.186390707630494,121.49011087087293
MAXUS大通音乐谷,申迪南路177号星愿公园内,浦东新区,上海市,体育休闲服务;影剧院;剧场,31.138343110476214,121.66742007884206
SunlandGreen森兰绿地,高行镇启帆路628号,浦东新区,上海市,体育休闲服务;影剧院;剧场,31.31420217128048,121.5870603401047
红星电影世界(新紫茂店),巨峰路1058弄2号楼3楼,浦东新区,上海市,体育休闲服务;影剧院;电影院,31.281938000020414,121.60499857064202
X立方VR影院(金桥太茂店),金高路1882号金桥太茂商业广场L401,浦东新区,上海市,体育休闲服务;影剧院;电影院,31.26956550937784,121.60436980543325
SFC上影影城(金桥太茂店),金高路1882号金桥太茂广场4层L401,浦东新区,上海市,体育休闲服务;影剧院;电影院,31.269422600687907,121.60430483789514
比高电影城(浦东机场店),祝桥镇江晖路409弄新都会广场2层,浦东新区,上海市,体育休闲服务;影剧院;电影院,31.17502820526206,121.7354760410713
康桥影剧院,康沈路686号康桥文化中心3层,浦东新区,上海市,体育休闲服务;影剧院;电影院,31.13629096758978,121.56844920202812
主题酒店(缘缘)摩微私人影院,川周公路2828弄15号,浦东新区,上海市,体育休闲服务;影剧院;电影院,31.145760476297514,121.61333335925954
上影国际(阳光天地),高科东路777号弄1号阳光天地F3层L306,浦东新区,上海市,体育休闲服务;影剧院;电影院,31.21600157552875,121.65154102464781
大光明丽星VIP影城(昌里店),昌里路337弄浦东商场西区4层,浦东新区,上海市,体育休闲服务;影剧院;电影院,31.175688261545176,121.48646376797667
大地影院(华润万家南汇店),惠南镇城南路469号,浦东新区,上海市,体育休闲服务;影剧院;电影院,31.043724079396824,121.7522161465893
海上明珠国际影城(联洋广场B区),芳甸路208-233号联洋广场A区F2层,浦东新区,上海市,体育休闲服务;影剧院;电影院,31.228180445816278,121.55360621731896
新场影剧院,牌楼东路168号附近,浦东新区,上海市,体育休闲服务;影剧院;电影院,31.026751494225675,121.64960429884069
大地影院(上海浦东新区宝龙广场店),鸿音路128号临港宝龙城市广场4F层,浦东新区,上海市,体育休闲服务;影剧院;电影院,30.908591862195113,121.81184391134835
金海影城(海上明珠曹路店),曹路镇金群路28号金海文化中心4层,浦东新区,上海市,体育休闲服务;影剧院;电影院,31.293359068426717,121.66347778328489
上影河马国际影城,[],浦东新区,上海市,体育休闲服务;影剧院;电影院,31.205947888683546,121.5971431254038
中影星美国际影城(康桥店),沪南公路2651号莱茵广场5层(近和平豪生酒店),浦东新区,上海市,体育休闲服务;影剧院;电影院,31.148936170912442,121.5634941943112
MAY BAR音乐吧,周浦镇周康路187-10号,浦东新区,上海市,体育休闲服务;影剧院;音乐厅,31.110057501405024,121.56866868845947
上海百丽宫影城(LCM置汇旭辉广场店),张杨路2389弄2号LCM置汇旭辉广场4层,浦东新区,上海市,体育休闲服务;影剧院;电影院,31.243787146344918,121.55183597029045
中影数字圣谛影城(上海惠南店),惠南镇沪南公路9858号禹洲商业广场3层,浦东新区,上海市,体育休闲服务;影剧院;电影院,31.04198630613035,121.73355058852023
万达影城,浦东大道2123号龙珠广场名阳商务楼,浦东新区,上海市,体育休闲服务;影剧院;电影院,31.25187716777824,121.54591108489458
万达影城,金桥路1391号天安大厦1-4层,浦东新区,上海市,体育休闲服务;影剧院;电影院,31.255430493600112,121.58455870529409
上海利美华胤影城,金钻路828弄5号楼4层,浦东新区,上海市,体育休闲服务;影剧院;电影院,31.28290387544802,121.67258990875342
金色童话盛典,川沙镇黄赵路310号上海迪士尼乐园,浦东新区,上海市,体育休闲服务;影剧院;剧场,31.145552087879985,121.6554026806177
点亮奇梦夜光幻影秀,川沙镇黄赵路310号上海迪士尼乐园,浦东新区,上海市,体育休闲服务;影剧院;剧场,31.145551093977584,121.65539968636129
星美国际影城,孙桥路55号(华夏路张江路),浦东新区,上海市,体育休闲服务;影剧院;电影院,31.18717711347644,121.62659886772576
啦啦啦,高东镇赵高公路1135号,浦东新区,上海市,体育休闲服务;影剧院;电影院,31.309007251196487,121.62922838756496
泥城影剧院,鸿音路3156弄8号泥城文化中心4层,浦东新区,上海市,体育休闲服务;影剧院;电影院,30.906700315590076,121.81312125296692
数字王国奇幻影厅(上海第一八佰伴新世纪商厦),张杨路501号上海第一八佰伴新世纪商厦F10层,浦东新区,上海市,体育休闲服务;影剧院;电影院,31.23069533127892,121.51200738456534
万幕国际影城(成山巴黎春天店),成山路1993号巴黎春天3楼10号商铺45585,浦东新区,上海市,体育休闲服务;影剧院;电影院,31.181028159842917,121.53026694924027
海艺剧场,蔡伦路,浦东新区,上海市,体育休闲服务;影剧院;剧场,31.19347052342284,121.58742851859331
上汽MAXUS音乐谷,[],浦东新区,上海市,体育休闲服务;影剧院;剧场,31.137681997547556,121.66818464434152
SFC上影影城(上海丁香国际商业中心),丁香路858号上海丁香国际商业中心F3层,浦东新区,上海市,体育休闲服务;影剧院;电影院,31.22711854770148,121.5469547532393
上海浦东彩芳沪剧院,盐朝公路496号,浦东新区,上海市,体育休闲服务;影剧院;剧场,31.09132572869408,121.77415089726705
林间剧场,川沙镇黄赵路310号上海迪士尼乐园,浦东新区,上海市,体育休闲服务;影剧院;剧场,31.14688259998867,121.65257487102325
彩色熊猫剧场(世博源3区),世博大道1368号世博源3区G层3G13室,浦东新区,上海市,体育休闲服务;影剧院;剧场,31.184824809988008,121.4885403880894
上海东方艺术中心演奏厅,丁香路425号(近世纪大道),浦东新区,上海市,体育休闲服务;影剧院;剧场,31.224578082839834,121.53693615044868
数字电影院(复旦大学张江校区店),张衡路825号复旦大学张江校区,浦东新区,上海市,体育休闲服务;影剧院;电影院,31.193601231983752,121.59439687915147
航头文化中心影剧院,航鹤路388号,浦东新区,上海市,体育休闲服务;影剧院;影剧院相关,31.0317706663466,121.5836094754611
幸福蓝海国际影城(三林店),长清路507号恒大长青商城3层,浦东新区,上海市,体育休闲服务;影剧院;电影院,31.162885935185564,121.48683216262835
大团影剧院,永春东路51号,浦东新区,上海市,体育休闲服务;影剧院;电影院,30.99565404511827,121.75113454348498
喜马拉雅剧场,芳甸路1188弄1-4号证大喜玛拉雅中心3层,浦东新区,上海市,体育休闲服务;影剧院;剧场,31.212292085326588,121.5572872990598
彩色熊猫剧场儿童剧,上南路168号世博源3区G层13号入口,浦东新区,上海市,体育休闲服务;影剧院;剧场,31.184524169065995,121.4879382654765
证大喜玛拉雅艺术中心,樱花路869号证大喜玛拉雅中心M1层,浦东新区,上海市,体育休闲服务;影剧院;剧场,31.210658095559914,121.55806599705039
Shawn,门1号,浦东新区,上海市,体育休闲服务;影剧院;电影院,31.25506540099811,121.58671604876352
周家渡社区文化中心影剧场,齐河路508号3楼,浦东新区,上海市,体育休闲服务;影剧院;剧场,31.18260391227874,121.50459422457551
1862时尚艺术中心,滨江大道1777号,浦东新区,上海市,体育休闲服务;影剧院;剧场,31.246480136750172,121.50994281959487
一品HOME音乐吧(禹洲商业广场店),沪南公路9928号禹洲商业广场F3,浦东新区,上海市,体育休闲服务;影剧院;音乐厅,31.04140622070211,121.73448445566267
江丰剧场,张江镇益丰新村益江路335号,浦东新区,上海市,体育休闲服务;影剧院;剧场,31.20097114390408,121.6259105649229
祝桥影剧院,南北大街29号,浦东新区,上海市,体育休闲服务;影剧院;电影院|餐饮服务;快餐厅;快餐厅,31.119457235549817,121.75213272452336
下沙演艺厅,下沙镇沪南公路5186号,浦东新区,上海市,体育休闲服务;影剧院;剧场,31.055005659600177,121.58477636485513
音乐剧场,申迪南路277号,浦东新区,上海市,体育休闲服务;影剧院;剧场,31.13884031156588,121.66717651199527
国际马戏剧场,宣桥镇南六公路178号野生动物园三号门,浦东新区,上海市,体育休闲服务;影剧院;剧场,31.05860081055243,121.7147296372918
凡迭戈剧院,川沙镇黄赵路310号上海迪士尼乐园,浦东新区,上海市,体育休闲服务;影剧院;剧场,31.14764928776363,121.65949668911924
人猿泰山丛林的呼唤故事舞台,川沙镇黄赵路310号上海迪士尼乐园,浦东新区,上海市,体育休闲服务;影剧院;剧场,31.14652746833698,121.66076932722785
星光露天剧场,川沙镇黄赵路310号上海迪士尼乐园,浦东新区,上海市,体育休闲服务;影剧院;剧场,31.1399930699376,121.66645981260498
金海剧场,金海路2360号,浦东新区,上海市,体育休闲服务;影剧院;剧场,31.26045157742164,121.65080866114187
华特迪士尼大剧院(暂停营业),川沙新镇上海迪士尼度假区,浦东新区,上海市,体育休闲服务;影剧院;剧场,31.143086915959834,121.65673336146132
大观舞台(证大喜玛拉雅中心店),芳甸路1188弄1-4号证大喜玛拉雅中心F3,浦东新区,上海市,体育休闲服务;影剧院;剧场,31.211244187822768,121.55766614963989
极光私人影院(世博源3区),世博大道1368号世博源3区G层,浦东新区,上海市,体育休闲服务;影剧院;影剧院相关,31.185650961738666,121.48839479837261
上海东方艺术中心-东方歌剧院,丁香路425号上海东方艺术中心2层,浦东新区,上海市,体育休闲服务;影剧院;剧场,31.224928974090293,121.53696019002784
海上国际影城(喜玛拉雅店),樱花路869号证大喜玛拉雅中心7-8层,浦东新区,上海市,体育休闲服务;影剧院;电影院,31.210804582010336,121.55778241911447
凌桥社区文化活动中心,江东路1380弄110号,浦东新区,上海市,体育休闲服务;影剧院;影剧院相关,31.365830094981504,121.53750698436981
光辉百姓戏台,曙光路附近,浦东新区,上海市,体育休闲服务;影剧院;影剧院相关,31.066150961191465,121.72114449209765
SHARE CINEMA,新金桥路27号20号楼,浦东新区,上海市,体育休闲服务;影剧院;电影院,31.247595315278073,121.58914285933318
爱巢剧场(红星美凯龙金桥商场),金藏路158号红星美凯龙金桥商场F7层G8010-G8012,浦东新区,上海市,体育休闲服务;影剧院;影剧院相关,31.25121796629827,121.59095525510808
上海金球影城(上丰路店),上丰路1810号恒生商业广场B4幢1层,浦东新区,上海市,体育休闲服务;影剧院;电影院,31.242990977489153,121.67585398033349
E空间百事舞台,川沙镇黄赵路310号上海迪士尼乐园,浦东新区,上海市,体育休闲服务;影剧院;剧场|体育休闲服务;休闲场所;游乐场,31.144294233983853,121.65297933414503
5D动感旅程,惠南镇东门大街309号2楼5d,浦东新区,上海市,体育休闲服务;影剧院;影剧院相关,31.048493374656907,121.75246890252352
比高电影城(锦绣店),锦绣路2486弄星河湾酒店商业街B1层,浦东新区,上海市,体育休闲服务;影剧院;电影院,31.195797658191918,121.53345036309547
乐汀私人银幕(唐人幸福里),北蔡镇陈春路109号唐人幸福里F2层,浦东新区,上海市,体育休闲服务;影剧院;影剧院相关,31.17571347172225,121.5504835039829
翰金影城(塘桥商城店),塘桥路400弄-1-3号新塘桥生活广场1层B座,浦东新区,上海市,体育休闲服务;影剧院;电影院,31.212660012164378,121.51380615394152
星美国际影城售票厅(正大广场),陆家嘴西路168号正大广场8层,浦东新区,上海市,体育休闲服务;影剧院;电影院,31.239059809367024,121.49556902693381
SFC上影百联影城(百联川沙购物中心),川沙路5398号百联川沙购物中心F4层,浦东新区,上海市,体育休闲服务;影剧院;影剧院相关,31.187520845235984,121.69346306746033
保利国际影城(唐镇店),高科东路515弄1号3-4层,浦东新区,上海市,体育休闲服务;影剧院;电影院,31.213697142872086,121.64849876167658
红石影城(上海惠南店),东门大街200号,浦东新区,上海市,体育休闲服务;影剧院;电影院,31.04893805200714,121.75556601310355
摩微影咖,凌河路148号魔微影咖,浦东新区,上海市,体育休闲服务;影剧院;电影院,31.278257396549254,121.592323432651
太禾影城(东方懿德城店),懿行路603弄东方懿德城A座3层,浦东新区,上海市,体育休闲服务;影剧院;电影院,31.127787245128026,121.50177775654963
明星时代影城(上海富荟店),樱花路80弄16号B1层,浦东新区,上海市,体育休闲服务;影剧院;电影院,31.206452235664496,121.54114137852127
SFC上影影城(世博店),世博大道1200号梅赛德斯奔驰文化中心6层,浦东新区,上海市,体育休闲服务;影剧院;电影院,31.190621377385572,121.4880250578049
SFC上影影城(百联惠南店),惠南镇城东路388号世纪联华超市二楼内,浦东新区,上海市,体育休闲服务;影剧院;电影院,31.055299053343287,121.75945176676711
红星电影世界(张江绿地店),海趣路208弄28号绿地张江缤纷广场三楼,浦东新区,上海市,体育休闲服务;影剧院;电影院,31.179856272871746,121.59975318777823
乐汀私人银幕(宝龙城市广场),金海路2505弄宝龙城市广场F3层,浦东新区,上海市,体育休闲服务;影剧院;电影院,31.2682471342372,121.64861699673182
CGV影城(上海浦东印象城店),永泰路1058弄三林印象城4楼,浦东新区,上海市,体育休闲服务;影剧院;电影院,31.14393541647808,121.52114782725968
CFR美影国际影城(晨达美食城店),巨峰路1058弄1号新紫茂广场F3层,浦东新区,上海市,体育休闲服务;影剧院;电影院,31.28168502358182,121.60516253384407
DFC影城(北艾路店),北艾路1786号,浦东新区,上海市,体育休闲服务;影剧院;电影院,31.181966729277704,121.51719235253194
SFC上影国际影城(港城店),港城新天地二层,浦东新区,上海市,体育休闲服务;影剧院;电影院,30.897023633702613,121.90175627767098
大光明丽星VIP影城(博山路店),博山东路88号4层01号,浦东新区,上海市,体育休闲服务;影剧院;电影院,31.249692090254285,121.55625809011492
球幕影院,世纪大道2000号上海科技馆B1层,浦东新区,上海市,体育休闲服务;影剧院;电影院,31.2212121358601,121.53670777615375
大光明DFC影城(新路达长清店),长清路92号新路达广场3层,浦东新区,上海市,体育休闲服务;影剧院;电影院,31.173343056397798,121.48395810116277
国际娱乐,张杨北路5488号附近,浦东新区,上海市,体育休闲服务;影剧院;电影院,31.345544744549994,121.5712608658308
SFC上影影城(喜玛拉雅店),芳甸路1188弄1-4号证大喜玛拉雅中心南区7层,浦东新区,上海市,体育休闲服务;影剧院;电影院,31.210657754777685,121.55784756157993
SFC上影影城(唐镇阳光天地店),唐镇阳光天地3层,浦东新区,上海市,体育休闲服务;影剧院;电影院,31.215890214871855,121.65176861364179
彩云一号舞台,彭平东路112号,浦东新区,上海市,体育休闲服务;影剧院;剧场,30.903758872707467,121.8194865771139
乐汀私人影院(北蔡店)(暂停营业),北蔡镇陈春路109号唐人幸福里二楼,浦东新区,上海市,体育休闲服务;影剧院;电影院,31.175727356638028,121.55042536734048
上海中影数字圣谛影城(祝桥店),航亭环路235弄91号2、3楼,浦东新区,上海市,体育休闲服务;影剧院;电影院,31.101311502489146,121.76051791673132
书院镇中久村百姓小舞台,洋溢中久分界河路与老芦公路交叉口东南100米,浦东新区,上海市,体育休闲服务;影剧院;剧场,30.937911313851714,121.86258559734553
CITY MOVIE,潍坊西路73号11-13幢,浦东新区,上海市,体育休闲服务;影剧院;电影院|购物服务;专卖店;音像店,31.22509797626022,121.51236610631577
新世纪影城(八佰伴店),张杨路501号上海第一八佰伴新世纪商厦10层,浦东新区,上海市,体育休闲服务;影剧院;电影院,31.23033222151005,121.51260449679094
百丽宫影城(陆家嘴中心店),浦东南路899号陆家嘴中心商场10层(2号线东昌路站4号口),浦东新区,上海市,体育休闲服务;影剧院;电影院,31.23341286663872,121.51089927923844
Jam76运动音乐吧,枣庄路1085号附近,浦东新区,上海市,体育休闲服务;影剧院;音乐厅,31.248641462533755,121.5822165706008
乐汀私人银幕(亿丰时代广场店),云台路800号亿丰时代广场3层,浦东新区,上海市,体育休闲服务;影剧院;电影院,31.164543181160475,121.50326097816973
橙天嘉禾影城(世纪汇广场店),自由贸易试验区世纪大道1192号世纪汇广场L5层022号商铺,浦东新区,上海市,体育休闲服务;影剧院;电影院,31.229656477139628,121.5229626455831
唯太丝影咖,新城镇康乃馨路66号103室,浦东新区,上海市,体育休闲服务;影剧院;电影院,30.88551505582635,121.9173687336332
中影星美国际影城(上海周园路店),年家浜东路238号上海绿地缤纷广场F3层L307,浦东新区,上海市,体育休闲服务;影剧院;电影院,31.11398883691069,121.5904874113385
东方明珠CINEX,世博大道1200号梅赛德斯奔驰文化中心B1层,浦东新区,上海市,体育休闲服务;影剧院;电影院,31.19071524406332,121.48799594603214
星美国际影商城(外高桥店)(暂停营业),启帆路628号森兰商都3楼328室(近地铁六号线洲海路站),浦东新区,上海市,体育休闲服务;影剧院;电影院|购物服务;购物相关场所;购物相关场所,31.313847291558687,121.5870083415826
金逸影城(上海张江店),张江碧波路635号传奇广场2层,浦东新区,上海市,体育休闲服务;影剧院;电影院,31.20239788254544,121.57994948146757
世博大舞台,世博大道1750,浦东新区,上海市,体育休闲服务;影剧院;剧场,31.1885628145856,121.47965978166661
大光明电影院(朱泾·人民路店),朱泾人民路160号图书影视商厦6层,金山区,上海市,体育休闲服务;影剧院;电影院,30.898458956282177,121.16192221019519
星美国际影城(金山店),卫清西路168弄99号百联金山购物中心3层,金山区,上海市,体育休闲服务;影剧院;电影院,30.735292302117745,121.34247942420417
新滨海影院(新城路店)(暂停营业),新城路318号,金山区,上海市,体育休闲服务;影剧院;电影院,30.71487554560657,121.33591423610206
张堰电影院(新北街店),新北街23,金山区,上海市,体育休闲服务;影剧院;电影院,30.80500131906116,121.28035547941512
DFC影城(金山店),海汇街500号光明·koko都乐汇1号门4层,金山区,上海市,体育休闲服务;影剧院;电影院,30.7558000224614,121.33250829072634
上岸影城(金山店),金山红星国际广场1层,金山区,上海市,体育休闲服务;影剧院;电影院,30.751493640120103,121.34152305481841
天娱影城,枫泾镇新泾路300弄35号,金山区,上海市,体育休闲服务;影剧院;电影院,30.8914538412285,121.00829742016509
万达影城(上海金山万达广场店),龙皓路1072号万达广场F4层,金山区,上海市,体育休闲服务;影剧院;电影院,30.75684542708451,121.33147550741211
0090激光影城,朱泾镇华润万家1层,金山区,上海市,体育休闲服务;影剧院;电影院,30.895526341023725,121.17025637955474
橙天嘉禾影城(易家店),新城城河路330号易家商业中心4号楼5层,金山区,上海市,体育休闲服务;影剧院;电影院,30.732414841653913,121.32374503581451
马氏皮影剧场(上海),枫泾·泾商路附近,金山区,上海市,体育休闲服务;影剧院;剧场,30.912258509258773,121.0093399147809
金山工业区-影剧院,朱行镇恒顺路280弄39号,金山区,上海市,体育休闲服务;影剧院;电影院|体育休闲服务;影剧院;剧场,30.859276888331646,121.3361773769488
SFC上影竞衡八八影城(金山店),志伟路与金山工业区大道交叉口东200米,金山区,上海市,体育休闲服务;影剧院;电影院,30.837869236257458,121.30703351629548
枫泾古镇5D立体动感体验馆,北大街街393号(近施王庙),金山区,上海市,体育休闲服务;影剧院;影剧院相关,30.892140182241736,121.01346685498261
极剧场青年公益文化演艺中心,山阳镇杭州湾大道1908弄(红星美凯龙玫瑰天街)3020室,金山区,上海市,体育休闲服务;影剧院;影剧院相关,30.75109477470114,121.34100717889339
万达影城(松江店),广富林路692号松江万达广场4楼,松江区,上海市,体育休闲服务;影剧院;电影院,31.059421614537005,121.23783733524103
地中海影城,新松江路925号开元地中海商业广场4F层4042,松江区,上海市,体育休闲服务;影剧院;电影院,31.040058578203773,121.21364786476954
DFC影城(松江店),光星路1399号五龙商业广场F3层,松江区,上海市,体育休闲服务;影剧院;电影院,31.057427305071116,121.23634814181602
左岸影城(松江店),松汇中路568号鹿都国际购物广场F4层,松江区,上海市,体育休闲服务;影剧院;电影院,31.00681607603773,121.23023492490825
华侨城大剧院,佘山林湖路888号上海欢乐谷,松江区,上海市,体育休闲服务;影剧院;剧场,31.096180350096734,121.2100707324299
松江剧场,中山中路37,松江区,上海市,体育休闲服务;影剧院;剧场,31.00798635338817,121.23428363809212
橙天嘉禾影城(荣乐店),荣乐中路8号卜蜂莲花2层,松江区,上海市,体育休闲服务;影剧院;电影院,31.01968638873321,121.23678042788357
博纳锦鸿影城(松江荣乐店),荣乐西路860号新理想广场F5层,松江区,上海市,体育休闲服务;影剧院;电影院,31.019475436048392,121.19218443041134
DFC影城(东鼎店),新松江路(77食尚广场)1277号四层,松江区,上海市,体育休闲服务;影剧院;电影院,31.039387632291092,121.2060490624261
CGV影城(九亭金地广场),九亭镇沪亭北路99弄金地广场3号3楼,松江区,上海市,体育休闲服务;影剧院;电影院,31.141761899165846,121.3149481430126
星逸国际影城(松江店),玉树路2575号飞航广场2层,松江区,上海市,体育休闲服务;影剧院;电影院,31.012016786018048,121.20395532913723
太平洋国际影城(松江店),文诚路500弄1号塞纳左岸商业广场F4层,松江区,上海市,体育休闲服务;影剧院;电影院,31.034904192538622,121.21242884598993
上海17.5影城(松江店),叶榭镇叶政路487号3层,松江区,上海市,体育休闲服务;影剧院;电影院,30.944460292855524,121.31388736533825
魅力金座会所,方塔北路528号(近南路),松江区,上海市,体育休闲服务;影剧院;电影院,31.02102094902394,121.24487297560418
地中海影城,新松江路927号,松江区,上海市,体育休闲服务;影剧院;电影院,31.040530214690296,121.21635386264454
70mm影咖,新松江路地中海商业广场对面恒杰商务楼B座406室,松江区,上海市,体育休闲服务;影剧院;电影院,31.04117385719457,121.21269964566991
万达影城,文诚路232号(人民北路),松江区,上海市,体育休闲服务;影剧院;电影院,31.034950285156704,121.21523510762788
奥斯卡影城,涞亭南路151号,松江区,上海市,体育休闲服务;影剧院;电影院,31.14018172601119,121.33065159883675
大光明红叶影城,飞航广场3楼,松江区,上海市,体育休闲服务;影剧院;电影院,31.01197184862562,121.203981371481
万达影城,茸悦路208弄富悦大酒店2层,松江区,上海市,体育休闲服务;影剧院;电影院,31.06200298859522,121.24219662622546
谢欣舞蹈剧场,新桥镇银都西路350号歆翱创意园B区201,松江区,上海市,体育休闲服务;影剧院;剧场,31.082954399543414,121.35708041502136
上海滩,佘山林湖路888号欢乐谷内,松江区,上海市,体育休闲服务;影剧院;剧场|风景名胜;风景名胜;海滩,31.099431961991392,121.21042090867407
万达影城(松江麦希店),中山中路79弄平高世贸中心商务楼4层,松江区,上海市,体育休闲服务;影剧院;电影院,31.008730546676702,121.23134332828418
四维影院,佘山林湖路888号上海欢乐谷,松江区,上海市,体育休闲服务;影剧院;电影院,31.10105088708084,121.21282074856471
太禾影城(松江店),九峰路118号平高广场4层,松江区,上海市,体育休闲服务;影剧院;电影院,31.018663795107745,121.22653468100354
亚瑟宫,佘山林湖路888号上海欢乐谷,松江区,上海市,体育休闲服务;影剧院;剧场,31.09650731383989,121.21361106871838
珠影GCC影城(亚繁亚乐城店),莘松路1266号亚繁生活时尚广场F4层,松江区,上海市,体育休闲服务;影剧院;电影院,31.099600233519542,121.34579138661888
叶榭影剧院,滟东路86号附近,松江区,上海市,体育休闲服务;影剧院;电影院,30.930328901204874,121.27335671923397
JIA影城(嘉莱影城九亭店),地铁九号线九亭站地铁二号口内,松江区,上海市,体育休闲服务;影剧院;电影院,31.139173262409187,121.31495834177393
恋空咖啡馆,文汇路818号3期肯德基附近2层(如花餐厅隔壁),松江区,上海市,体育休闲服务;影剧院;电影院,31.05168445957601,121.19833622320593
上海星濠国际影城(松江店),古楼公路1876弄36号佘山湾生活购物广场F2层,松江区,上海市,体育休闲服务;影剧院;电影院,31.106170189904418,121.22882778123379
上海滩影视特技实景剧,佘山林湖路888号欢乐谷上海滩内,松江区,上海市,体育休闲服务;影剧院;剧场,31.10005032396513,121.2127157067371
星轶IMAX国际影城(九亭U天地旗舰店),九亭U天地2层,松江区,上海市,体育休闲服务;影剧院;电影院,31.14196257490139,121.32083376693092
π私人影咖,江学路1292号东明广场3层,松江区,上海市,体育休闲服务;影剧院;电影院,31.04283662935741,121.20680383440269
威利大戏院,车墩镇北松公路4915号上海影视乐园内,松江区,上海市,体育休闲服务;影剧院;剧场,31.013183245651074,121.30650379826962
魔幻剧场,佘山林湖路888号上海欢乐谷金矿镇,松江区,上海市,体育休闲服务;影剧院;剧场,31.097337773203513,121.21012770839839
高清家庭影院体验馆(三湘商业广场),横港公路37-45号三湘商业广场F1层,松江区,上海市,体育休闲服务;影剧院;电影院,31.11908493321376,121.25593802116715
上海大戏院,车墩镇北松公路4915号上海影视乐园内,松江区,上海市,体育休闲服务;影剧院;剧场,31.013758265778904,121.3085063964143
海星剧场,佘山林湖路888号上海欢乐谷欢乐海洋,松江区,上海市,体育休闲服务;影剧院;剧场,31.097759191735996,121.20824819038427
珠影沪亚影城(松江店),南乐路456号乐尚天地4层,松江区,上海市,体育休闲服务;影剧院;电影院,31.02680979082175,121.29129034653275
聚聚影院(车墩店),车墩镇李高路58弄14号-1,松江区,上海市,体育休闲服务;影剧院;电影院,31.017729438691166,121.3125521153392
QCC激光影城,叶榭镇叶政路487号双高广场3层2区,松江区,上海市,体育休闲服务;影剧院;电影院,30.944359021145143,121.31353216949873
SFC上影国际影城(松江店),云间路159号4层,松江区,上海市,体育休闲服务;影剧院;电影院,31.008744625714876,121.23988393425762
木槿校园影院(上政店),外青松公路7989号天马讲堂,松江区,上海市,体育休闲服务;影剧院;电影院,31.114969070127025,121.17207850580195
保利国际影城(上海泗泾店),泗泾镇泗宝路41号保利悦活荟5层,松江区,上海市,体育休闲服务;影剧院;电影院,31.118199345359862,121.25611499385134
佰迦乐大光明影城(绿地金御广场),新南路959号绿地金御广场F4层,松江区,上海市,体育休闲服务;影剧院;电影院,31.09022804710402,121.33601894253663
珊瑚影院,佘山林湖路888号上海欢乐谷,松江区,上海市,体育休闲服务;影剧院;剧场,31.097713131857134,121.20818110355705
中影国线影城(佘山新天地店),桃源路188弄32号联华超市3F,松江区,上海市,体育休闲服务;影剧院;电影院,31.102733289029935,121.18099138160997
华夏万幕国际影城(贝尚坊巨幕店),九亭镇沪亭北路350弄3号3层01-A,松江区,上海市,体育休闲服务;影剧院;电影院,31.14794002842135,121.31260387710701
馨乔环球国际影城(明中广场店),新桥镇明中路1885号明中广场3层G区,松江区,上海市,体育休闲服务;影剧院;电影院,31.074995672427352,121.316058350732
米格国际影城(嘉松中路店),嘉松中路5999号米格天地广场2号楼3层,青浦区,上海市,体育休闲服务;影剧院;电影院,31.15230761646433,121.22494529344962
永乐国际影城(青松路1店),青松路37号,青浦区,上海市,体育休闲服务;影剧院;电影院,31.149197021013208,121.11202948162442
明星时代影城(朱家角店),朱家角镇课植园路599弄55号2层,青浦区,上海市,体育休闲服务;影剧院;电影院,31.11619034592444,121.0448773991947
徐泾影剧院(暂停营业),盈港东路1638号,青浦区,上海市,体育休闲服务;影剧院;电影院,31.176255621118127,121.27084403621183
朱家角影剧院,新溪路18号,青浦区,上海市,体育休闲服务;影剧院;电影院,31.111585830489805,121.05487400480767
赵巷影剧院,赵巷赵中路28号,青浦区,上海市,体育休闲服务;影剧院;电影院,31.152430432379816,121.19134068527843
苏宁影城(公园路店),公园路458号凯特利广场四楼苏宁影城,青浦区,上海市,体育休闲服务;影剧院;电影院,31.15099132302965,121.11235556216593
万达影城(青浦万达茂店),淀山湖大道1059弄1-45号A区-4F,青浦区,上海市,体育休闲服务;影剧院;电影院,31.134509006102338,121.07566095324704
时光影城,[],青浦区,上海市,体育休闲服务;影剧院;电影院,31.23344330766794,121.22109026107961
中影国际影城(富绅时代广场店),富绅时代广场3层,青浦区,上海市,体育休闲服务;影剧院;电影院,31.162822837389225,121.0923133553002
文化剧场,公园路36号附近,青浦区,上海市,体育休闲服务;影剧院;剧场,31.152456316861976,121.120798089248
上影时光国际影城,华志路789号,青浦区,上海市,体育休闲服务;影剧院;电影院,31.23352080174906,121.22170079592338
松涛剧场,课植园路599弄36号,青浦区,上海市,体育休闲服务;影剧院;剧场,31.115551378888235,121.04455230062017
青浦区农村数字电影放映室,[],青浦区,上海市,体育休闲服务;影剧院;电影院,31.12138292098008,120.87644092736966
青浦区文化馆影视厅,公园路78号上海市青浦区档案馆,青浦区,上海市,体育休闲服务;影剧院;电影院,31.152426590740514,121.12103935298029
世纪天虹影城(朋联店),华新镇华强街239号朋联国际购物中心3层,青浦区,上海市,体育休闲服务;影剧院;电影院,31.243411196652453,121.22677489255082
珠影沪亚国际影城(西虹桥店),徐泾镇沪青平公路1899号食尚天地A幢401室,青浦区,上海市,体育休闲服务;影剧院;电影院,31.16882200462411,121.27332062802871
东方百姓影院,光联二路西100米,青浦区,上海市,体育休闲服务;影剧院;电影院,31.16667765592039,121.3134443897406
重固影剧院,重固镇通坡塘西街28号,青浦区,上海市,体育休闲服务;影剧院;电影院,31.202299380031775,121.17462823947173
永乐国际影城(青湖东路2店),青湖东路900号麦德龙3层,青浦区,上海市,体育休闲服务;影剧院;电影院,31.14854524474145,121.1412265600761
晓琳会馆,卫中路83号3层,青浦区,上海市,体育休闲服务;影剧院;电影院|生活服务;洗浴推拿场所;洗浴推拿场所,31.152029838325504,121.1017503109027
绿舟剧院,沪青平公路6888号东方绿舟内,青浦区,上海市,体育休闲服务;影剧院;剧场,31.10656698482492,121.00774534563699
练塘影剧院,练新路97-99号,青浦区,上海市,体育休闲服务;影剧院;影剧院相关,31.010362451460235,121.0378347137957
悦影绘国际影城(国展店),国家会展中心中央圆环商业广场A栋6层,青浦区,上海市,体育休闲服务;影剧院;电影院,31.192024717549256,121.29722588280362
金逸影城(上海青浦店),淀山湖大道399号满天星399广场南区F4层,青浦区,上海市,体育休闲服务;影剧院;电影院,31.142871574792835,121.09001775391322
自由人影城(青浦宝龙广场店),汇金路590号青浦宝龙广场F4层,青浦区,上海市,体育休闲服务;影剧院;电影院,31.163968196216295,121.1483710962149
大光明新国际影城(青浦吾悦店),淀山湖大道286弄15号吾悦广场5层,青浦区,上海市,体育休闲服务;影剧院;电影院,31.145499225313678,121.08974162710939
明星时代影城(青浦世纪联华店),盈港路555号世纪联华三楼明星时代影城,青浦区,上海市,体育休闲服务;影剧院;电影院,31.161338529309997,121.10896645721228
南桥电影院(南桥路店),南桥路333号,奉贤区,上海市,体育休闲服务;影剧院;电影院,30.91781980059975,121.44982360308124
连城国际影城(连城广场店),沪杭公路228弄连城广场3号楼1-2层,奉贤区,上海市,体育休闲服务;影剧院;电影院,30.99132185624096,121.4260609632557
柘林电影院,钦林北路31号,奉贤区,上海市,体育休闲服务;影剧院;电影院,30.8329168012696,121.46914061286617
17.5影城(四季广场店),南桥镇航南公路5000号4季休闲广场内1层,奉贤区,上海市,体育休闲服务;影剧院;电影院,30.935611798305924,121.46683553744154
泰日影剧院,泰青公路318号,奉贤区,上海市,体育休闲服务;影剧院;剧场|体育休闲服务;影剧院;电影院,30.984445575823887,121.56055845401121
金汇镇影剧院,金汇镇中心路10号,奉贤区,上海市,体育休闲服务;影剧院;影剧院相关,30.990107147094758,121.49713966066945
上影国际影城(新都汇店),南桥镇新都汇C座4层,奉贤区,上海市,体育休闲服务;影剧院;电影院,30.93659497748976,121.45814496508922
伐木累私人影吧(奉贤店),解放东路1018号绿地翡翠广场3号楼922室,奉贤区,上海市,体育休闲服务;影剧院;电影院,30.920048393771427,121.46735450853404
胡桥影剧院,胡桥镇农交路33弄55号,奉贤区,上海市,体育休闲服务;影剧院;电影院,30.831628495909666,121.42689995082507
钱桥影剧院,振水路1号,奉贤区,上海市,体育休闲服务;影剧院;电影院,30.875251536065615,121.53722689174415
大光明影城(奉贤店),南桥镇南中路80号上海金叶商厦5楼,奉贤区,上海市,体育休闲服务;影剧院;电影院,30.91597323496542,121.4548292653824
头桥影剧院多功能厅,[],奉贤区,上海市,体育休闲服务;影剧院;电影院,30.948610796341036,121.63641495215082
艺海剧场,庄良公路与腾庄路交叉口西150米,奉贤区,上海市,体育休闲服务;影剧院;剧场,30.897555119247095,121.39220210369805
横店电影城IMAX(奉贤宝龙城市广场),南桥镇航南公路5639号奉贤宝龙城市广场F4层,奉贤区,上海市,体育休闲服务;影剧院;电影院,30.9320361253741,121.45832788569045
SUNING CINEMA,南奉公路7500号苏宁生活广场5层,奉贤区,上海市,体育休闲服务;影剧院;电影院,30.920602806986636,121.48456359444823
梦想空间点播影院(百联南桥购物中心),百齐路288号百联南桥购物中心5层,奉贤区,上海市,体育休闲服务;影剧院;电影院,30.91709105672175,121.48018158008347
上师大剧院,奉炮路553号上师大海思路100号内(近紫藤苑),奉贤区,上海市,体育休闲服务;影剧院;剧场,30.842125442902525,121.51778263763526
苏宁影城(奉贤店),南奉公路7500号苏宁生活广场5-6层,奉贤区,上海市,体育休闲服务;影剧院;电影院,30.920832718136445,121.48525702008286
头桥影剧院,奉城镇头桥红旗路3号,奉贤区,上海市,体育休闲服务;影剧院;剧场,30.94845893560304,121.63638301348539
乐汀私人影院(奉贤店),奉炮公路450号302室,奉贤区,上海市,体育休闲服务;影剧院;电影院,30.848835491438184,121.51211765097058
光明村百姓舞台,光昊路338号,奉贤区,上海市,体育休闲服务;影剧院;剧场,30.918219902775185,121.50086705696243
青村影剧院,青村镇人民路15号,奉贤区,上海市,体育休闲服务;影剧院;影剧院相关,30.925434242009736,121.57782320451354
九棵树(上海)未来艺术中心,树桓路99号,奉贤区,上海市,体育休闲服务;影剧院;剧场,30.943752742522594,121.47999769586553
杨王百姓大舞台,宏杨路与金海公路交叉口东50米奉贤区南桥镇杨王安监站附近,奉贤区,上海市,体育休闲服务;影剧院;剧场,30.897264519028447,121.49728495544309
牡丹影剧院,汇西路和大叶公路的交叉口附近,奉贤区,上海市,体育休闲服务;影剧院;电影院,30.959347973822513,121.39596113059204
环球国际影城(崇明店),堡镇中路193号,崇明区,上海市,体育休闲服务;影剧院;电影院,31.54025908365907,121.6157287066814
崇明影院二号厅,八一路488号(近北门路),崇明区,上海市,体育休闲服务;影剧院;电影院,31.627692309662457,121.3922923315449
长征影剧院(延安路),会理路与延安路交叉口东北100米,崇明区,上海市,体育休闲服务;影剧院;影剧院相关,31.764053767100553,121.41018892267104
九州私人影咖,城桥镇八一路308号三楼(元祖雪月饼楼上三楼),崇明区,上海市,体育休闲服务;影剧院;电影院,31.624712440836202,121.39178373518686
崇明风瀛洲剧场,崇明大道7887号,崇明区,上海市,体育休闲服务;影剧院;剧场,31.62024594277846,121.42549232341361
星蓝影城,丰福路599弄186号213室,崇明区,上海市,体育休闲服务;影剧院;电影院,31.385432024817344,121.69997523061693
